unit,factor,r,p,bucket,partial_r,partial_p
0,leniency,0.5895875388600309,0.0,strong,,
1,leniency,0.41627843768072414,7.967407627032545e-209,strong,,
2,leniency,0.6131632391654305,0.0,strong,,
3,leniency,0.20787577394025114,6.178954222526493e-50,moderate,,
4,leniency,0.27711521903986297,7.788024010168238e-89,moderate,,
5,leniency,0.36754079223600244,9.58762575139462e-160,strong,,
6,leniency,0.394021396812391,2.2213965729605844e-185,strong,,
7,leniency,0.29839008243993975,2.342194369698204e-103,moderate,,
8,leniency,0.27208786528431106,1.3813643722925956e-85,moderate,,
9,leniency,0.44597200460979686,5.347610104322189e-243,strong,,
10,leniency,0.3138435933014255,1.039979449596632e-114,strong,,
11,leniency,0.39247542314208916,8.116269777145321e-184,strong,,
12,leniency,0.44807660405313776,1.4928118333917934e-245,strong,,
13,leniency,0.33995494525652703,1.7108675198535865e-135,strong,,
14,leniency,0.38596453844641965,2.5087728082308876e-177,strong,,
15,leniency,0.38719107946869236,1.5419037033786893e-178,strong,,
16,leniency,0.32912945219537115,1.2567672584539528e-126,strong,,
17,leniency,0.47231240711900446,2.689982064499393e-276,strong,,
18,leniency,0.44629419930415587,2.1792587666624878e-243,strong,,
19,leniency,0.5527430092557594,0.0,strong,,
20,leniency,0.49200160537768733,3.628492028635153e-303,strong,,
21,leniency,0.511707869570871,0.0,strong,,
22,leniency,0.3071709254887694,1.0082358408423884e-109,strong,,
23,leniency,0.27472397095018114,2.7882916953202465e-87,moderate,,
24,leniency,0.26832748166975967,3.353970739179947e-83,moderate,,
25,leniency,0.39570497630163765,4.3176911212204993e-187,strong,,
26,leniency,0.3170351698638302,3.854109079961774e-117,strong,,
27,leniency,0.3067842971963801,1.9432573985606536e-109,strong,,
28,leniency,0.3214095452284995,1.6033588404308867e-120,strong,,
29,leniency,0.13080389647997553,1.5893082523516616e-20,moderate,,
30,leniency,0.30951119791802584,1.859528894328642e-111,strong,,
31,leniency,0.4957482177324519,1.755200614247623e-308,strong,,
32,leniency,0.29047855393042515,8.270822839068725e-98,moderate,,
33,leniency,0.3840495163857739,1.9076825926300897e-175,strong,,
34,leniency,0.40275133359182846,2.3099216644482745e-194,strong,,
35,leniency,0.4294982451039313,1.2860654802470599e-223,strong,,
36,leniency,0.33641400763941864,1.4883407840696818e-132,strong,,
37,leniency,0.5041623913483361,1.155e-320,strong,,
38,leniency,0.19465879085545634,6.876355080588386e-44,moderate,,
39,leniency,0.25275415241065496,1.0014568438651923e-73,moderate,,
40,leniency,0.38885298780172006,3.454398564057102e-180,strong,,
41,leniency,0.38566939508203585,4.899920995073049e-177,strong,,
42,leniency,0.45470268211712767,1.0328929178750854e-253,strong,,
43,leniency,0.4904615852703659,5.314231478874967e-301,strong,,
44,leniency,0.5694508029604702,0.0,strong,,
45,leniency,0.43635863912950085,1.4736911698569732e-231,strong,,
46,leniency,0.45894489906772956,4.944458051407257e-259,strong,,
47,leniency,0.5047826179688549,1.413e-321,strong,,
48,leniency,0.5758701820979617,0.0,strong,,
49,leniency,0.3956867743039716,4.5061686799392634e-187,strong,,
50,leniency,0.29779130738326964,6.247475634201819e-103,moderate,,
51,leniency,0.33144074669457435,1.7231424156825465e-128,strong,,
52,leniency,0.5174086346596853,0.0,strong,,
53,leniency,0.4675915663414334,4.1193417875374056e-270,strong,,
54,leniency,0.2574067227840923,1.7275711628973476e-76,moderate,,
55,leniency,0.2815861858169044,8.790509327978862e-92,moderate,,
56,leniency,0.5952736411398882,0.0,strong,,
57,leniency,0.28567616244442257,1.5830138501182898e-94,moderate,,
58,leniency,0.6028831554190994,0.0,strong,,
59,leniency,0.2656735429075774,1.5346831520311647e-81,moderate,,
60,leniency,0.42850779693568564,1.7401841266937933e-222,strong,,
61,leniency,0.28471166072099724,7.093768391244505e-94,moderate,,
62,leniency,0.3438996252903933,8.182816396838572e-139,strong,,
63,leniency,0.2854601052312576,2.2162922420936626e-94,moderate,,
64,leniency,0.5040072168199168,1.9516e-320,strong,,
65,leniency,0.3307858587829995,5.831938259454528e-128,strong,,
66,leniency,0.5792882581143709,0.0,strong,,
67,leniency,0.46591013286189686,6.228695013059628e-268,strong,,
68,leniency,0.29579386597814694,1.6207003835304966e-101,moderate,,
69,leniency,0.24697091434480425,2.270210678050894e-70,moderate,,
70,leniency,0.24966175895878262,6.39328611249915e-72,moderate,,
71,leniency,0.4733304507324727,1.211023341361197e-277,strong,,
72,leniency,0.5720232116198776,0.0,strong,,
73,leniency,0.24634403209519148,5.1824529069711946e-70,moderate,,
74,leniency,0.4386960737656268,2.634339681871358e-234,strong,,
75,leniency,0.5577165337574734,0.0,strong,,
76,leniency,0.5884989945942136,0.0,strong,,
77,leniency,0.4147347625770573,3.852042346590206e-207,strong,,
78,leniency,0.31486151501638104,1.7575159281729308e-115,strong,,
79,leniency,0.2741229129635432,6.815093402757713e-87,moderate,,
80,leniency,0.6118753549066394,0.0,strong,,
81,leniency,0.5152005139676554,0.0,strong,,
82,leniency,0.1486662507224144,4.173796783991941e-26,moderate,,
83,leniency,0.39826167115519984,1.040441163270026e-189,strong,,
84,leniency,0.36505668134692915,1.8442407835768565e-157,strong,,
85,leniency,0.5053963311343138,1.8e-322,strong,,
86,leniency,0.3069024341102883,1.5903847088538814e-109,strong,,
87,leniency,0.44276508537384324,3.851391432457107e-239,strong,,
88,leniency,0.2847712733760576,6.466830195028554e-94,moderate,,
89,leniency,0.34634596367633913,6.751814144987372e-141,strong,,
90,leniency,0.525476977933639,0.0,strong,,
91,leniency,0.2840633231797897,1.9377252350085994e-93,moderate,,
92,leniency,0.46776804179886183,2.4286308684279807e-270,strong,,
93,leniency,0.5119046181176724,0.0,strong,,
94,leniency,0.3609990733413072,8.981952380526952e-154,strong,,
95,leniency,0.5385935269716418,0.0,strong,,
96,leniency,0.5866344273078534,0.0,strong,,
97,leniency,0.40354978799845276,3.376185150832698e-195,strong,,
98,leniency,0.4376438366247236,4.573894195893786e-233,strong,,
99,leniency,0.33297601006126426,9.770522659946005e-130,strong,,
100,leniency,0.24921131654036308,1.1656449593501076e-71,moderate,,
101,leniency,0.5676071301179674,0.0,strong,,
102,leniency,0.3028895011556706,1.3651835299266106e-106,strong,,
103,leniency,0.5314116774907912,0.0,strong,,
104,leniency,0.4257394585788863,2.413787265928766e-219,strong,,
105,leniency,0.44767894607601466,4.549732564177303e-245,strong,,
106,leniency,0.5532100603539861,0.0,strong,,
107,leniency,0.2356127940385172,4.933723893565206e-64,moderate,,
108,leniency,0.429710539735422,7.349846074634623e-224,strong,,
109,leniency,0.5091191292293247,0.0,strong,,
110,leniency,0.3376866060626563,1.3204056195659253e-133,strong,,
111,leniency,0.5956045877847067,0.0,strong,,
112,leniency,0.3338880668004338,1.7622453349135704e-130,strong,,
113,leniency,0.3963391784123817,9.727239677579792e-188,strong,,
114,leniency,0.42991602367410936,4.274868464713301e-224,strong,,
115,leniency,0.42519753855876474,9.87075073704272e-219,strong,,
116,leniency,0.5826869516450057,0.0,strong,,
117,leniency,0.5012520225330155,2.06420805e-316,strong,,
118,leniency,0.29760244979282074,8.509072073171103e-103,moderate,,
119,leniency,0.5945804371367345,0.0,strong,,
120,leniency,0.11142607081511377,2.7521512518742654e-15,moderate,,
121,leniency,0.32877161154133583,2.433515158329723e-126,strong,,
122,leniency,0.49918819879353876,2.01946537215e-313,strong,,
123,leniency,0.603702067620767,0.0,strong,,
124,leniency,0.48062059977841326,2.0219501285713388e-287,strong,,
125,leniency,0.6363230175374014,0.0,strong,,
126,leniency,0.3091773953370074,3.2940044796896475e-111,strong,,
127,leniency,0.4697649742392953,6.017032483415287e-273,strong,,
0,extremity,-0.30530063601647095,2.3882035042481993e-108,strong,-0.3070964625181829,1.144140598643787e-109
1,extremity,0.12121734982900409,7.905909257831339e-18,moderate,0.12144290249015992,6.868724372554875e-18
2,extremity,-0.26511046012709816,3.4346491820296474e-81,moderate,-0.26657871102587005,4.186211297534181e-82
3,extremity,-0.5127957224550308,0.0,strong,-0.5135554304347152,0.0
4,extremity,-0.5142482926663388,0.0,strong,-0.5153461242257094,0.0
5,extremity,0.08008754296723057,1.4218301616504993e-08,weak,0.080472277058988,1.2117196715220395e-08
6,extremity,-0.4940572738325999,4.48242093509402e-306,strong,-0.496291511859723,2.93782938264015e-309
7,extremity,0.19250569094449077,6.054449470018227e-43,moderate,0.19272950708328937,4.834960895210195e-43
8,extremity,0.23509860530238258,9.379964024225285e-64,moderate,0.2351804483930669,8.469036684289322e-64
9,extremity,-0.37234965908360973,3.1784712261837255e-164,strong,-0.3744192621702763,3.554110183962636e-166
10,extremity,-0.48675366276608917,7.844339411739312e-296,strong,-0.48824542491695333,6.646513374796971e-298
11,extremity,-0.4795353165667636,5.975810658956505e-286,strong,-0.4817617423380067,5.671701221005145e-289
12,extremity,-0.4670375114168135,2.1596060722047898e-269,strong,-0.4698234268487581,5.044763411829737e-273
13,extremity,-0.3034685977658681,5.18438674866145e-107,strong,-0.3045487661876199,8.46821144244535e-108
14,extremity,0.09629920621443952,8.882245139877243e-12,weak,0.09647324701267629,8.147335099751292e-12
15,extremity,-0.5073948807785118,0.0,strong,-0.5094178445070732,0.0
16,extremity,0.1917787660993417,1.2545758413051597e-42,moderate,0.19202016686521556,9.852793847180964e-43
17,extremity,-0.4057316529060353,1.715984856259122e-197,strong,-0.40810401351454656,5.257319266292236e-200
18,extremity,-0.030805158410305834,0.02938922068387728,weak,-0.03079691290649304,0.029432654414776962
19,extremity,-0.33412703607112965,1.1239558468135574e-130,strong,-0.3358039774526035,4.7339285369869464e-132
20,extremity,-0.24244627671623828,8.326715788507328e-68,moderate,-0.24363619009857868,1.7832803412301102e-68
21,extremity,-0.25149566639482246,5.4734612932304484e-73,moderate,-0.25265513475383417,1.1450375265514855e-73
22,extremity,-0.47598954694249596,3.5017423314530845e-281,strong,-0.4776349482871175,2.1815149720433187e-283
23,extremity,-0.3682103429832267,2.304619538165707e-160,strong,-0.3691509767945388,3.092640574329939e-161
24,extremity,0.22869781401064687,2.4498997465308872e-60,moderate,0.22884002230812436,2.062360930512882e-60
25,extremity,0.10757536576360685,2.4034264217014305e-14,moderate,0.10781636980933297,2.1032480852966615e-14
26,extremity,0.1756068725114972,6.457900095447959e-36,moderate,0.17572188634067776,5.815133399014152e-36
27,extremity,0.2183372092031821,5.0148161234429714e-55,moderate,0.21850177499456014,4.1495486911476676e-55
28,extremity,0.19572522960159405,2.3188859323691127e-44,moderate,0.19592732611487437,1.8858483451688902e-44
29,extremity,-0.5204368693128169,0.0,strong,-0.5207708588528703,0.0
30,extremity,-0.5122165462236212,0.0,strong,-0.5133518358604272,0.0
31,extremity,-0.2024056524136938,2.2138400102702386e-47,moderate,-0.20343541492752443,7.411655829318879e-48
32,extremity,0.1996004548969623,4.232371994947791e-46,moderate,0.19977738641061552,3.518256898714886e-46
33,extremity,0.08542413887239532,1.4489139808806773e-09,weak,0.08561784317860135,1.330098858959924e-09
34,extremity,-0.47817476873595044,4.097681239084858e-284,strong,-0.4804289762857561,3.679750645634356e-287
35,extremity,-0.4448971312603345,1.0609632505971248e-241,strong,-0.44714433234285483,2.03066160034153e-244
36,extremity,0.19229406709541866,7.487276176407412e-43,moderate,0.192563517764074,5.712792902486118e-43
37,extremity,-0.00198436763537207,0.8884379470769752,weak,-0.0018843394117570127,0.8940275228811778
38,extremity,-0.5256112117159581,0.0,strong,-0.526377473098381,0.0
39,extremity,0.22826284557650373,4.145421606140049e-60,moderate,0.22837596347145797,3.6158618388728327e-60
40,extremity,-0.20383927930812457,4.817531873378436e-48,moderate,-0.20434995553334173,2.790492657252304e-48
41,extremity,-0.4718047448056447,1.2576102609921951e-275,strong,-0.4737081483058846,3.822951483745429e-278
42,extremity,0.07785663205930637,3.5420047912913536e-08,weak,0.07810801563040612,3.1997590208183905e-08
43,extremity,-0.45658168811811384,4.645049966256604e-256,strong,-0.45912170731617297,2.9563312217988e-259
44,extremity,-0.1342843046908033,1.4819209700271395e-21,moderate,-0.1347756955147396,1.0547158934440184e-21
45,extremity,0.04499467970038382,0.0014604959537675949,weak,0.04516012320128069,0.0014025096457095992
46,extremity,-0.44533927068440543,3.1083841324110846e-242,strong,-0.4477824304435938,3.404860697844334e-245
47,extremity,-0.45707393201971713,1.1212181645383779e-256,strong,-0.4595798871905134,7.785939916419985e-260
48,extremity,-0.030039636385170942,0.03366418352384254,weak,-0.030049298794099687,0.03360707746709429
49,extremity,0.09216039679674269,6.621330931226999e-11,weak,0.09246315738482498,5.733170621639511e-11
50,extremity,0.18817494728010603,4.4502244333855703e-41,moderate,0.1883939326280135,3.590009891469734e-41
51,extremity,0.16175960053624674,1.1591404008978404e-30,moderate,0.16208659681870502,8.815516199712052e-31
52,extremity,-0.044824784311908325,0.0015223346275419338,weak,-0.04487588755590184,0.0015034850792473502
53,extremity,-0.4248564305053773,2.3920769503791523e-218,strong,-0.4273030438626503,4.0890483638210613e-221
54,extremity,0.22702187515514655,1.8476571585584694e-59,moderate,0.2271519579425101,1.5804046750346114e-59
55,extremity,0.21330601522716425,1.5219064865650623e-52,moderate,0.21340786939200013,1.3575716358194757e-52
56,extremity,-0.07261212847701017,2.748046027322477e-07,weak,-0.07279918363753402,2.560363284204037e-07
57,extremity,-0.5236621059298799,0.0,strong,-0.5249886458207271,0.0
58,extremity,-0.3209735567436297,3.503849076097653e-120,strong,-0.3228634397149281,1.1715459599637902e-121
59,extremity,-0.5255482917158523,0.0,strong,-0.5266853465017893,0.0
60,extremity,-0.48035752476399535,4.5998240855943114e-287,strong,-0.482616095158966,3.871265761270107e-290
61,extremity,-0.5123577424301163,0.0,strong,-0.5136969697245931,0.0
62,extremity,0.15621409530129088,1.1026514650750792e-28,moderate,0.1563939454659023,9.536737699703136e-29
63,extremity,-0.515039843128026,0.0,strong,-0.5164218202451588,0.0
64,extremity,-0.39699044476723294,2.098135192700765e-188,strong,-0.39931986153681265,8.450043399180037e-191
65,extremity,-0.49610532717613604,5.42275033651449e-309,strong,-0.49762871230871225,3.559110527614e-311
66,extremity,-0.18730444059556708,1.0424910180800213e-40,moderate,-0.1882042790032184,4.32407766283789e-41
67,extremity,-0.4511071831432144,2.912811415591376e-249,strong,-0.45347387481095425,3.475422381345115e-252
68,extremity,0.18746162286653692,8.942401487273104e-41,moderate,0.18771265303825502,6.997415118585066e-41
69,extremity,0.22675832460833634,2.534907000782944e-59,moderate,0.22687885230951838,2.1936877173644643e-59
70,extremity,0.14446812633931716,9.946388146256381e-25,moderate,0.1446349810254584,8.784215595957849e-25
71,extremity,-0.02497244959800703,0.07745413781588857,weak,-0.02494169480611034,0.07781998793706922
72,extremity,-0.3545963870568533,4.611112111501225e-148,strong,-0.3570134995041616,3.338216743428001e-150
73,extremity,-0.5279861640947158,0.0,strong,-0.5290475170593683,0.0
74,extremity,-0.46863349414784683,1.811681611820272e-271,strong,-0.47097611355937424,1.5502143158995183e-274
75,extremity,-0.1800660372898057,1.051518243738507e-37,moderate,-0.18086012470470292,4.993469296222687e-38
76,extremity,-0.1420222943684587,6.04441730939428e-24,moderate,-0.14265131918176233,3.811633175014162e-24
77,extremity,-0.5147392062241385,0.0,strong,-0.5166266704274047,0.0
78,extremity,-0.49007059603498504,1.8772430464955187e-300,strong,-0.4912796436102932,3.7704687781023425e-302
79,extremity,0.1917964949638297,1.2325226955752127e-42,moderate,0.1920602969006695,9.464575234235492e-43
80,extremity,-0.3086827241445342,7.67579714368659e-111,strong,-0.3106011684615685,2.859570606611809e-112
81,extremity,-0.20894079169630567,1.9277711491331572e-50,moderate,-0.20989550654703576,6.748523338245272e-51
82,extremity,-0.53709910539208,0.0,strong,-0.5375234919840467,0.0
83,extremity,0.14141927496251783,9.385771756435202e-24,moderate,0.1417417058529553,7.419677451856202e-24
84,extremity,-0.48557240037086846,3.3726799103295176e-294,strong,-0.4872375861142217,1.6731858161091946e-296
85,extremity,-0.18100272520066682,4.3668192240418657e-38,moderate,-0.18178206923271284,2.0942543735891494e-38
86,extremity,-0.4940568672605088,4.4883818378283404e-306,strong,-0.49537469938143475,5.987211395829994e-308
87,extremity,-0.03218206528266995,0.02286779948014865,weak,-0.03219788455401153,0.022800843961262713
88,extremity,0.21921636821218798,1.819884649694359e-55,moderate,0.2193956846721406,1.4791747094514902e-55
89,extremity,-0.4872057501593083,1.8523428874034743e-296,strong,-0.4889318371883688,7.34093221699312e-299
90,extremity,-0.37195287935715415,7.494151869400945e-164,strong,-0.3741910684152664,5.842553088825079e-166
91,extremity,-0.48627038739254513,3.6609421914720817e-295,strong,-0.48744010439955177,8.758098266973829e-297
92,extremity,0.05518288538028735,9.460858188381567e-05,weak,0.05548944781060702,8.6463463901152e-05
93,extremity,-0.38987138931653353,3.3322231924369617e-181,strong,-0.3922456772803268,1.3831787989506258e-183
94,extremity,0.16593206133316118,3.3758287701336636e-32,moderate,0.16619761931148003,2.6869382725545854e-32
95,extremity,-0.3716549182218767,1.4259680309575498e-163,strong,-0.3741675373751217,6.149689371299102e-166
96,extremity,-0.4000907809346071,1.3489479393928972e-191,strong,-0.4027411454567338,2.3672224986879898e-194
97,extremity,0.15770571897651714,3.291137879695441e-29,moderate,0.15799994550352214,2.5891684944045486e-29
98,extremity,0.08676838828700759,7.97068709525395e-10,weak,0.08704525860614834,7.039648227262898e-10
99,extremity,0.15364848745161028,8.580960370523865e-28,moderate,0.15385394860783125,7.290135984774985e-28
100,extremity,-0.4310738723172636,2.0030884738111155e-225,strong,-0.4320496933970326,1.5045543090940415e-226
101,extremity,-0.017106641795488202,0.2265060253813196,weak,-0.017057991113974654,0.22782972339541074
102,extremity,0.11945930315565796,2.344736960351548e-17,moderate,0.11974151855683494,1.9713713523239148e-17
103,extremity,-0.02930181323315131,0.038276831144238625,weak,-0.029296713080279566,0.03831049768879163
104,extremity,0.10431730095321388,1.4174412295800888e-13,moderate,0.10459235185461432,1.222784156425489e-13
105,extremity,0.012122758906422107,0.391430700566993,weak,0.012223727789061443,0.3874976669507669
106,extremity,-0.1671826216329147,1.1485492652787428e-32,moderate,-0.16782955796638488,6.55368955752143e-33
107,extremity,-0.5072463687660191,0.0,strong,-0.5080678341771919,0.0
108,extremity,-0.4774649788541956,3.6910339616940318e-283,strong,-0.4798412201135648,2.3036460962019795e-286
109,extremity,-0.12730849401278718,1.616064754752259e-19,moderate,-0.12786607252520185,1.121070642443991e-19
110,extremity,0.1773244145336509,1.3393352780455805e-36,moderate,0.1775027001010561,1.1365020423945889e-36
111,extremity,-0.20854187746010772,2.9844091120627453e-50,moderate,-0.20963548428443318,8.986370357769405e-51
112,extremity,0.1760227384548536,4.418859898356935e-36,moderate,0.17639596143502403,3.141064647558984e-36
113,extremity,0.09598340972212785,1.038508396148426e-11,weak,0.0961939992124051,9.357579510275802e-12
114,extremity,0.09103281899198115,1.127572214240908e-10,weak,0.09125968677278656,1.0135613652833482e-10
115,extremity,-0.45312793785402306,9.32715104453806e-252,strong,-0.45535812179437163,1.5740510585125243e-254
116,extremity,-0.2678192433638748,6.998586955894374e-83,moderate,-0.2692178490387027,9.209658439448768e-84
117,extremity,-0.023433773391564244,0.09755360633939429,weak,-0.023399397099448736,0.09804625811607694
118,extremity,0.18941342242014086,1.316077949945348e-41,moderate,0.18966038004000169,1.0311817839955868e-41
119,extremity,-0.15395964869622342,6.703076588969267e-28,moderate,-0.1546434163823021,3.8885042123919863e-28
120,extremity,-0.5125062907330118,0.0,strong,-0.5129287923512484,0.0
121,extremity,0.1934646069730418,2.305239144736815e-43,moderate,0.1936542046109191,1.9034292990138295e-43
122,extremity,-0.025276792858284783,0.0739087562415553,weak,-0.025253381106780073,0.0741766926035204
123,extremity,-0.19976926553955232,3.548238901704134e-46,moderate,-0.2008169163996526,1.1837327739122893e-46
124,extremity,-0.44348801462888515,5.243933890702691e-240,strong,-0.44598016229639326,5.227502448683156e-243
125,extremity,-0.28290791235311996,1.1538451246032043e-92,moderate,-0.2847836550412377,6.343714135936367e-94
126,extremity,-0.5067637609301312,0.0,strong,-0.5079175913907377,0.0
127,extremity,0.01450363831893649,0.305193539821713,weak,0.014634873350681001,0.3008377751648217
0,activity,-0.11228317986405986,1.6815404922966522e-15,moderate,,
1,activity,-0.05111956631506873,0.00029900593819654473,weak,,
2,activity,-0.10977893400357533,7.01902004243424e-15,moderate,,
3,activity,-0.05695212174940098,5.592254247931981e-05,weak,,
4,activity,-0.06779910407653819,1.599032134067806e-06,weak,,
5,activity,-0.08284441232006443,4.448053580083837e-09,weak,,
6,activity,-0.09742397983374963,5.069364555731151e-12,weak,,
7,activity,-0.04187389911435082,0.0030615408067904085,weak,,
8,activity,-0.021380499048722384,0.1306294504940629,weak,,
9,activity,-0.1085097091269965,1.4304940351968285e-14,moderate,,
10,activity,-0.08080848623358887,1.0530625475727627e-08,weak,,
11,activity,-0.09875180314289556,2.5932448669561245e-12,weak,,
12,activity,-0.11152560594679464,2.5996121008222858e-15,moderate,,
13,activity,-0.08851291350005593,3.620897713849641e-10,weak,,
14,activity,-0.04802662050300719,0.0006810256519526875,weak,,
15,activity,-0.09160747439938108,8.6032623892441e-11,weak,,
16,activity,-0.043783299349617555,0.0019571577972610403,weak,,
17,activity,-0.1108838462111323,3.751354829432514e-15,moderate,,
18,activity,-0.07765937828347516,3.8351563410679525e-08,weak,,
19,activity,-0.10374306220859587,1.927114143967677e-13,moderate,,
20,activity,-0.10417247280636102,1.5318595085985335e-13,moderate,,
21,activity,-0.10095905457147689,8.343760669150338e-13,moderate,,
22,activity,-0.08568837826836581,1.2892372191464795e-09,weak,,
23,activity,-0.07494068233522783,1.1252324402613751e-07,weak,,
24,activity,-0.029986286870570453,0.03398098172519872,weak,,
25,activity,-0.05582170796600386,7.838553026162302e-05,weak,,
26,activity,-0.029486788930345755,0.037072672916466536,weak,,
27,activity,-0.03327330422616151,0.018630594626034863,weak,,
28,activity,-0.039223842473029014,0.005538555907968739,weak,,
29,activity,-0.03837491914132587,0.006650874841955827,weak,,
30,activity,-0.06903942294343836,1.026783315784062e-06,weak,,
31,activity,-0.1070590673010374,3.195381029359438e-14,moderate,,
32,activity,-0.036036974772798755,0.010822156459747349,weak,,
33,activity,-0.05371044532991808,0.00014487420089118853,weak,,
34,activity,-0.09948856146839413,1.780936311076912e-12,weak,,
35,activity,-0.1030655201713482,2.7629505883878756e-13,moderate,,
36,activity,-0.046533687226173626,0.0009969401732002631,weak,,
37,activity,-0.0815085061395545,7.84823827551128e-09,weak,,
38,activity,-0.056453053445838876,6.496215624354872e-05,weak,,
39,activity,-0.026249106694512997,0.06346099569483624,weak,,
40,activity,-0.07729134941290505,4.4462269001712556e-08,weak,,
41,activity,-0.09232889387420078,6.11164935613955e-11,weak,,
42,activity,-0.06521395873504002,3.929377006550824e-06,weak,,
43,activity,-0.10789759126939809,2.010642687353336e-14,moderate,,
44,activity,-0.09548466486830495,1.327948461620824e-11,weak,,
45,activity,-0.06143031453341594,1.381389641380628e-05,weak,,
46,activity,-0.10724745581412518,2.880434208761188e-14,moderate,,
47,activity,-0.10713846921343013,3.058710526080294e-14,moderate,,
48,activity,-0.09345902777295947,3.55824864617977e-11,weak,,
49,activity,-0.06799699137049378,1.4906763621984331e-06,weak,,
50,activity,-0.04176242306994556,0.0031409140964876224,weak,,
51,activity,-0.05594944301369105,7.547420858638149e-05,weak,,
52,activity,-0.08480566500231781,1.9016975266900063e-09,weak,,
53,activity,-0.10992729884758581,6.455034623973949e-15,moderate,,
54,activity,-0.02855784641155229,0.04346107600905534,weak,,
55,activity,-0.025354623615451738,0.0730237006243008,weak,,
56,activity,-0.09167372523993232,8.338207874425546e-11,weak,,
57,activity,-0.07355266355930277,1.9221641864442914e-07,weak,,
58,activity,-0.11212207181347218,1.8452288328661017e-15,moderate,,
59,activity,-0.06817848838244624,1.3975276393825954e-06,weak,,
60,activity,-0.09935023060433766,1.911525841621672e-12,weak,,
61,activity,-0.07472606938976786,1.2231173072527063e-07,weak,,
62,activity,-0.04031435946252453,0.004356799711187749,weak,,
63,activity,-0.07565942961804663,8.495743472976752e-08,weak,,
64,activity,-0.1111432412459203,3.235329477009128e-15,moderate,,
65,activity,-0.08083226215693003,1.0426410963681933e-08,weak,,
66,activity,-0.10479857286287098,1.0943078008202878e-13,moderate,,
67,activity,-0.10492571430950082,1.0218087278211726e-13,moderate,,
68,activity,-0.045207414675106944,0.001386328814899379,weak,,
69,activity,-0.027322709672347227,0.05337371283990462,weak,,
70,activity,-0.03983215237852977,0.004847872566148765,weak,,
71,activity,-0.06843495809959396,1.2753880546920551e-06,weak,,
72,activity,-0.11984436845847322,1.850429781944535e-17,moderate,,
73,activity,-0.06580543069046765,3.2080165088720664e-06,weak,,
74,activity,-0.10239974481346664,3.927677875774117e-13,moderate,,
75,activity,-0.10104761225842315,7.968551376075075e-13,moderate,,
76,activity,-0.10333505457894337,2.39469613623805e-13,moderate,,
77,activity,-0.0879441780233336,4.690942004724755e-10,weak,,
78,activity,-0.07279977143058744,2.559793501840182e-07,weak,,
79,activity,-0.04603351936024273,0.0011300428675457739,weak,,
80,activity,-0.11521545573725385,3.0293461719884247e-16,moderate,,
81,activity,-0.1016446785608672,5.837204454146672e-13,moderate,,
82,activity,-0.04220608652714976,0.0028357381934094577,weak,,
83,activity,-0.058839602172184,3.138802458762467e-05,weak,,
84,activity,-0.08530467323967783,1.5272825528046962e-09,weak,,
85,activity,-0.09990632835575808,1.4374127304484543e-12,weak,,
86,activity,-0.07555461834951734,8.852521188850507e-08,weak,,
87,activity,-0.09153291600514794,8.911408531644605e-11,weak,,
88,activity,-0.03489567509393352,0.013601029351544914,weak,,
89,activity,-0.08664308437402929,8.430532642447806e-10,weak,,
90,activity,-0.11272193509953865,1.3048077463853415e-15,moderate,,
91,activity,-0.0719443815582878,3.5325358418244226e-07,weak,,
92,activity,-0.08414252119631803,2.5400936318197468e-09,weak,,
93,activity,-0.11320734388674472,9.844039358896888e-16,moderate,,
94,activity,-0.04919770647385668,0.0005013376262916386,weak,,
95,activity,-0.11920097363499636,2.7471871123583516e-17,moderate,,
96,activity,-0.11778933539504996,6.488985503905976e-17,moderate,,
97,activity,-0.05329908228137273,0.0001628868271870268,weak,,
98,activity,-0.06613169905795088,2.8663463348566605e-06,weak,,
99,activity,-0.04386925619283877,0.0019173610595623796,weak,,
100,activity,-0.07023821196116385,6.644017159778644e-07,weak,,
101,activity,-0.0876167932235992,5.440866494396975e-10,weak,,
102,activity,-0.05859036265103926,3.390881947958828e-05,weak,,
103,activity,-0.08474980976678051,1.948795713644697e-09,weak,,
104,activity,-0.06108223700884526,1.545353781761701e-05,weak,,
105,activity,-0.06033645204740577,1.9612742981621178e-05,weak,,
106,activity,-0.09578770560571519,1.1438556689505771e-11,weak,,
107,activity,-0.05944788204862386,2.596209332755136e-05,weak,,
108,activity,-0.1021293325823629,4.52796778625215e-13,moderate,,
109,activity,-0.10397701724514676,1.7007667671226535e-13,moderate,,
110,activity,-0.038046363402890526,0.007132673200327375,weak,,
111,activity,-0.1083764838538712,1.5407617096599745e-14,moderate,,
112,activity,-0.05804190973776106,4.0149308707546225e-05,weak,,
113,activity,-0.05395852216798913,0.0001349361239283583,weak,,
114,activity,-0.057623796599929805,4.562309889166145e-05,weak,,
115,activity,-0.10173206377350069,5.576417353725174e-13,moderate,,
116,activity,-0.10672307608720653,3.84326848779909e-14,moderate,,
117,activity,-0.0684203347874407,1.2820670452591527e-06,weak,,
118,activity,-0.044590264724537344,0.0016116605503898591,weak,,
119,activity,-0.10269162587610375,3.3673148709431387e-13,moderate,,
120,activity,-0.04317880505476261,0.0022591491556423135,weak,,
121,activity,-0.038000732989331654,0.0072020071768026765,weak,,
122,activity,-0.07994274558400562,1.5097374048668934e-08,weak,,
123,activity,-0.10866717391843372,1.3101419154439612e-14,moderate,,
124,activity,-0.1085085445624997,1.4314234381225734e-14,moderate,,
125,activity,-0.11921596344811106,2.722077450788356e-17,moderate,,
126,activity,-0.06996399946516006,7.344188823253304e-07,weak,,
127,activity,-0.07172042634818869,3.841065587385567e-07,weak,,
0,genre_entropy,-0.13001224253071378,2.702412760938465e-20,moderate,-0.13394628698750433,1.8711111447731043e-21
1,genre_entropy,-0.22921852554313796,1.3033761760657437e-60,moderate,-0.2309882437527957,1.508088867104317e-61
2,genre_entropy,-0.12161102266870323,6.184119694929398e-18,moderate,-0.1253849830365359,5.636284492084321e-19
3,genre_entropy,-0.02753650910620292,0.05153382753125394,weak,-0.029135514640486977,0.03938762444818591
4,genre_entropy,-0.03142997042920164,0.026254403629490698,weak,-0.03335347468235955,0.018348302712492784
5,genre_entropy,-0.23830279465045293,1.6687415283699325e-65,moderate,-0.24146261757285453,2.9577164334396166e-67
6,genre_entropy,-0.05726598952691572,5.0862168980932534e-05,weak,-0.06021054609973811,2.0412579584591733e-05
7,genre_entropy,-0.2565964180754695,5.281925624278169e-76,moderate,-0.25805022198880234,7.091762903442238e-77
8,genre_entropy,-0.25826903004654805,5.236262129593175e-77,moderate,-0.2590015834713272,1.8926276264516914e-77
9,genre_entropy,-0.11385457669735904,6.748204780935888e-16,moderate,-0.11752747007211134,7.602104038590777e-17
10,genre_entropy,-0.06457075168217832,4.889617231187174e-06,weak,-0.06700091458824961,2.118022979149522e-06
11,genre_entropy,-0.052623736148343314,0.00019709655356329255,weak,-0.055587819541067264,8.399338671996537e-05
12,genre_entropy,-0.07248196660485413,2.886409807651037e-07,weak,-0.07600151924419551,7.42551540266411e-08
13,genre_entropy,-0.14386738604573748,1.5538973077609777e-24,moderate,-0.14689257741071327,1.611749078592158e-25
14,genre_entropy,-0.2451452597742269,2.4956332308722103e-69,moderate,-0.24681989780899674,2.7702266261933318e-70
15,genre_entropy,-0.04688372656334355,0.000912587565273783,weak,-0.049589123121906394,0.00045189337954084236
16,genre_entropy,-0.24795164341534195,6.211598121005295e-71,moderate,-0.24946685704052218,8.291880648621801e-72
17,genre_entropy,-0.0919807115197874,7.210639115086424e-11,weak,-0.09560546714635199,1.2513242514331012e-11
18,genre_entropy,-0.22108289106856238,2.0846269569222464e-56,moderate,-0.22394234113239603,7.252205394743628e-58
19,genre_entropy,-0.1462288732075204,2.6607561188303756e-25,moderate,-0.14989948141111206,1.6154298489054553e-26
20,genre_entropy,-0.1580402259863613,2.5054245099210572e-29,moderate,-0.1617982506015594,1.122268499285902e-30
21,genre_entropy,-0.15917490251309857,9.887837506101361e-30,moderate,-0.16279785722149193,4.8505179258930185e-31
22,genre_entropy,-0.060495978496220536,1.8642124744463364e-05,weak,-0.06306959612050442,8.081163278450296e-06
23,genre_entropy,-0.15250189918618542,2.122504831404253e-27,moderate,-0.1550222429053404,2.8727219597529867e-28
24,genre_entropy,-0.2574436829458533,1.6415575082879927e-76,moderate,-0.25846590756517007,3.9845865748617415e-77
25,genre_entropy,-0.23402489586499967,3.570037089720933e-63,moderate,-0.23598961458347267,3.077953093883986e-64
26,genre_entropy,-0.2547062388715866,7.050599622310473e-75,moderate,-0.2557089003256369,1.7881552341733708e-75
27,genre_entropy,-0.2525054373815042,1.4019744113012289e-73,moderate,-0.25363904189788566,3.0163683510028854e-74
28,genre_entropy,-0.24901585082530436,1.5121383326968095e-71,moderate,-0.2503614749968342,2.5088802167172366e-72
29,genre_entropy,-0.01622678297618591,0.2513008446780543,weak,-0.017284223774796215,0.2217209093724976
30,genre_entropy,-0.03761611469798749,0.007810879264653263,weak,-0.03959318438275863,0.005109329903676675
31,genre_entropy,-0.180294337177938,8.491591330330181e-38,moderate,-0.184317681894307,1.8736208265367253e-39
32,genre_entropy,-0.25980190233404216,6.20293011474789e-78,moderate,-0.26104210454970456,1.0926556161307845e-78
33,genre_entropy,-0.24020667116563066,1.4797432136055366e-66,moderate,-0.24209799440954005,1.3051732712235994e-67
34,genre_entropy,-0.05633941310524991,6.720556341894352e-05,weak,-0.05934753332763319,2.679111839455043e-05
35,genre_entropy,-0.07160363875382939,4.0121101098029266e-07,weak,-0.07481817284218589,1.1801398636243872e-07
36,genre_entropy,-0.24939138316986062,9.169739058094063e-72,moderate,-0.2510142666249109,1.04549822130207e-72
37,genre_entropy,-0.20245451094732436,2.1021169669193594e-47,moderate,-0.205418512126006,8.859380924329053e-49
38,genre_entropy,-0.02289572400853809,0.1054947006921276,weak,-0.024471256310474768,0.08359355474436042
39,genre_entropy,-0.26103206621284797,1.1081629313997947e-78,moderate,-0.26192846646202067,3.140615783149243e-79
40,genre_entropy,-0.18645907238000917,2.3732600482558092e-40,moderate,-0.18918549986072217,1.647902669012786e-41
41,genre_entropy,-0.06537492736477166,3.718983532528039e-06,weak,-0.0681893790690679,1.39211998387246e-06
42,genre_entropy,-0.22078625492423354,2.945521043402288e-56,moderate,-0.22310732350489643,1.943226580803121e-57
43,genre_entropy,-0.06414420887265775,5.646235863022132e-06,weak,-0.06748233121995996,1.7884043505712155e-06
44,genre_entropy,-0.16255089460185423,5.970505358298177e-31,moderate,-0.16595335531045635,3.314654531377517e-32
45,genre_entropy,-0.21917297982355394,1.9134387601591588e-55,moderate,-0.2213341280783693,1.554889094313772e-56
46,genre_entropy,-0.06457581457014853,4.8812481964046445e-06,weak,-0.06789412461905545,1.5460901210867084e-06
47,genre_entropy,-0.11568892248179106,2.2875132747191273e-16,moderate,-0.11931819843341898,2.556756362114453e-17
48,genre_entropy,-0.18587373569034604,4.185219516822877e-40,moderate,-0.18930019341755214,1.471663371344559e-41
49,genre_entropy,-0.24463555881366478,4.856243637863876e-69,moderate,-0.2471377630546385,1.8217335181993027e-70
50,genre_entropy,-0.2626999792488031,1.0568185629418567e-79,moderate,-0.26415712517111234,1.3374756547745203e-80
51,genre_entropy,-0.25195408531630487,2.9515685928305365e-73,moderate,-0.2539586629670928,1.9531690279711522e-74
52,genre_entropy,-0.20342497195633705,7.49458625935191e-48,moderate,-0.20653913391229523,2.641404237891075e-49
53,genre_entropy,-0.0865908508018369,8.629770208045171e-10,weak,-0.09014448510294872,1.7074078559917224e-10
54,genre_entropy,-0.2606385207326809,1.9245737089120682e-78,moderate,-0.261613721223931,4.892478612384599e-79
55,genre_entropy,-0.2587611060793201,2.644261447090514e-77,moderate,-0.25962567439283274,7.932709289465345e-78
56,genre_entropy,-0.17800304190479233,7.1617112787853586e-37,moderate,-0.1813132397752239,3.259757415132284e-38
57,genre_entropy,-0.039926909719680104,0.004747592860509762,weak,-0.04204641180856176,0.0029423074176198245
58,genre_entropy,-0.12000846754336084,1.6724510983828354e-17,moderate,-0.12386850389603188,1.4888554228945442e-18
59,genre_entropy,-0.040334813684207854,0.0043370031060473635,weak,-0.04229351377143806,0.002778892168444403
60,genre_entropy,-0.06920386629384079,9.676700590112914e-07,weak,-0.07227609770284085,3.119081443699831e-07
61,genre_entropy,-0.03988924654001459,0.0047872240822625,weak,-0.04204415925023726,0.002943836601856843
62,genre_entropy,-0.2495734698215109,7.192707716938274e-72,moderate,-0.2509601705143364,1.1242655042563655e-72
63,genre_entropy,-0.038780068197598785,0.006097142986341262,weak,-0.04095969035049969,0.0037701533723439318
64,genre_entropy,-0.10030469213106007,1.1707921718848418e-12,moderate,-0.10399426217261702,1.6851565695237432e-13
65,genre_entropy,-0.046944969651735766,0.0008985271070092745,weak,-0.04931156455613175,0.0004864582016063112
66,genre_entropy,-0.1588441667580507,1.2974909351180898e-29,moderate,-0.162634682346913,5.564380703461899e-31
67,genre_entropy,-0.06601585604615814,2.9834548759800347e-06,weak,-0.06926258284236203,9.473674637053268e-07
68,genre_entropy,-0.2551571553831923,3.807167539544993e-75,moderate,-0.2567368137051127,4.353339476219543e-76
69,genre_entropy,-0.26508189239036345,3.5777491026809424e-81,moderate,-0.2660178991102658,9.36781848153184e-82
70,genre_entropy,-0.26819056700829536,4.089638528934733e-83,moderate,-0.2695809586296186,5.42892035587611e-84
71,genre_entropy,-0.19700592549657087,6.233172918973806e-45,moderate,-0.19939801731582604,5.227765344129109e-46
72,genre_entropy,-0.10625802655256211,4.957517470666554e-14,moderate,-0.11033622708016005,5.12129491583049e-15
73,genre_entropy,-0.032337735273722495,0.022216291570224048,weak,-0.03420499922871268,0.015573439347921745
74,genre_entropy,-0.060344331765125894,1.9563691046027204e-05,weak,-0.06347193184842118,7.070658290918895e-06
75,genre_entropy,-0.15410945598644016,5.9505017444674275e-28,moderate,-0.157708365956983,3.284049363180725e-29
76,genre_entropy,-0.16177392015060554,1.1453414685592843e-30,moderate,-0.16551641507007558,4.821627634202775e-32
77,genre_entropy,-0.03859374992182982,0.006346418535263715,weak,-0.04114786737022371,0.0036131479764600384
78,genre_entropy,-0.04249573967512256,0.00265136837929468,weak,-0.04460025648273686,0.0016077584935955277
79,genre_entropy,-0.2642697954875352,1.1392935993918599e-80,moderate,-0.2658945473922694,1.1180678097132282e-81
80,genre_entropy,-0.11905622076907217,3.001727052464668e-17,moderate,-0.12303795064365697,2.5217872304832307e-18
81,genre_entropy,-0.16734047998505402,1.0018069984911865e-32,moderate,-0.17103903332688997,3.918459280928554e-34
82,genre_entropy,-0.02084578322483703,0.14053247139603164,weak,-0.022015507389635605,0.11958190917538959
83,genre_entropy,-0.23417360734003154,2.967917085520898e-63,moderate,-0.2362614401943844,2.188864774269963e-64
84,genre_entropy,-0.04475660083644646,0.001547823180811727,weak,-0.0472543421421843,0.0008305181074824451
85,genre_entropy,-0.18018431786476058,9.41323516988669e-38,moderate,-0.1838746226002838,2.8639944752369032e-39
86,genre_entropy,-0.0401616353132484,0.004507221369300075,weak,-0.042342553575613354,0.0027474634268592753
87,genre_entropy,-0.22123713489620658,1.7413060327968188e-56,moderate,-0.22473930949564364,2.8202288295727034e-58
88,genre_entropy,-0.253582527977839,3.257086805957654e-74,moderate,-0.25477516852736176,6.41726897326339e-75
89,genre_entropy,-0.0762855693257427,6.637154839480917e-08,weak,-0.0789557623153345,2.266147269684062e-08
90,genre_entropy,-0.10365458432023104,2.0202132552031919e-13,moderate,-0.10742849546604703,2.6066169020658076e-14
91,genre_entropy,-0.08246470215784801,5.231845802105939e-09,weak,-0.08466175018695651,2.025365600653638e-09
92,genre_entropy,-0.22211626387444058,6.227196580645834e-57,moderate,-0.22527414971271031,1.4931852394306002e-58
93,genre_entropy,-0.10356079250698363,2.1237272807952793e-13,moderate,-0.10735325375098465,2.717161470031328e-14
94,genre_entropy,-0.24669736084598742,3.2555000619432225e-70,moderate,-0.24842027318886684,3.3370311695197712e-71
95,genre_entropy,-0.10664746783098007,4.0059803784940234e-14,moderate,-0.11070246007720524,4.159498407005187e-15
96,genre_entropy,-0.09764724278262359,4.531856766979218e-12,weak,-0.1015785629512461,6.042434612757808e-13
97,genre_entropy,-0.23215912007659215,3.5838543599097816e-62,moderate,-0.2340195414564581,3.593850922749125e-63
98,genre_entropy,-0.23187436508590797,5.086813930952426e-62,moderate,-0.234262232457943,2.658379197697711e-63
99,genre_entropy,-0.25167352794386155,4.3078967778191205e-73,moderate,-0.2531969633629251,5.496675387145964e-74
100,genre_entropy,-0.09449652633139419,2.1533478947057566e-11,weak,-0.09667116275852589,7.383844274198378e-12
101,genre_entropy,-0.18118946698316418,3.6629224157066806e-38,moderate,-0.18433643434169422,1.840226447681226e-39
102,genre_entropy,-0.2559760041137157,1.2394641877490952e-75,moderate,-0.2580991277562869,6.627071112635016e-77
103,genre_entropy,-0.19887360496972112,9.025745483756427e-46,moderate,-0.2019671575228462,3.5214540277837967e-47
104,genre_entropy,-0.22944539385114707,9.895589157733355e-61,moderate,-0.23161535237327507,6.992175885465379e-62
105,genre_entropy,-0.21243137557561126,4.050130732577976e-52,moderate,-0.21453328650042666,3.8258167666069814e-53
106,genre_entropy,-0.1618995384770388,1.0310705390656609e-30,moderate,-0.1653118455187686,5.744336239207151e-32
107,genre_entropy,-0.03469289185793012,0.014155891606123969,weak,-0.03637912633724136,0.010093748952863095
108,genre_entropy,-0.05846491501513614,3.5249191495666527e-05,weak,-0.06157281219635742,1.3191699300687769e-05
109,genre_entropy,-0.2018422033078719,4.0186233591826414e-47,moderate,-0.20584642665058772,5.5856907117270535e-49
110,genre_entropy,-0.24659170758295537,3.741361732898544e-70,moderate,-0.2478913844073683,6.727592608129776e-71
111,genre_entropy,-0.14091318510138198,1.3558895111425374e-23,moderate,-0.14475102445885937,8.056303108071427e-25
112,genre_entropy,-0.2462376352331391,5.96038877737883e-70,moderate,-0.24831758649850444,3.824173843519496e-71
113,genre_entropy,-0.23639963482054974,1.8402721365753462e-64,moderate,-0.23829397488184956,1.6874920328406483e-65
114,genre_entropy,-0.22652216597734776,3.364179112364657e-59,moderate,-0.22854470792899342,2.9485296721360826e-60
115,genre_entropy,-0.09655952015739955,7.805458742162721e-12,weak,-0.09986678665318435,1.4669209654975615e-12
116,genre_entropy,-0.1283939379155886,7.918170910904491e-20,moderate,-0.1320842023625427,6.688989068437666e-21
117,genre_entropy,-0.20272747309796224,1.5736429759217601e-47,moderate,-0.20513450784824847,1.2025705422997453e-48
118,genre_entropy,-0.2578828134771691,8.94244694842813e-77,moderate,-0.25944233447935866,1.0244002550173972e-77
119,genre_entropy,-0.16654430753565266,1.993440834794682e-32,moderate,-0.17028531557467008,7.631169830847863e-34
120,genre_entropy,-0.02471260420968873,0.08058966255631946,weak,-0.025914626722224204,0.06690817284592442
121,genre_entropy,-0.24738895278176531,1.307527854724686e-70,moderate,-0.24868783132353625,2.3390512010827096e-71
122,genre_entropy,-0.2050765617050203,1.2798610848984184e-48,moderate,-0.20798129294282663,5.507070161040272e-50
123,genre_entropy,-0.1408508359525382,1.4186171440671293e-23,moderate,-0.14470081728176148,8.36360183636273e-25
124,genre_entropy,-0.06591985156551174,3.0839724404932896e-06,weak,-0.06929032480687192,9.379182535211783e-07
125,genre_entropy,-0.12901182184939142,5.260974122442762e-20,moderate,-0.13323631467099867,3.0477045002620734e-21
126,genre_entropy,-0.03733007693811001,0.008293167890782492,weak,-0.03933398433581658,0.005407271195828504
127,genre_entropy,-0.20742910751876664,1.0051698917691245e-49,moderate,-0.20998724306362837,6.099424856279034e-51
0,contrarian_bias,0.5791998357413022,0.0,strong,0.5754662613556915,0.0
1,contrarian_bias,0.4357739513756809,7.117959510804154e-231,strong,0.4335859511319642,2.5112820077240538e-228
2,contrarian_bias,0.6198948623194701,0.0,strong,0.6166007946774805,0.0
3,contrarian_bias,0.1620731487343535,8.915425599935659e-31,moderate,0.15812971987200844,2.3288591390217903e-29
4,contrarian_bias,0.2370175209017707,8.461397828631302e-65,moderate,0.2327070701411414,1.8242895712892561e-62
5,contrarian_bias,0.37696761370399273,1.3431669216221685e-168,strong,0.3726327115400264,1.7225156549441287e-164
6,contrarian_bias,0.363370446194488,6.379387263937747e-156,strong,0.35819071389137597,2.9808091991267736e-151
7,contrarian_bias,0.32292129460262975,1.0553907987443047e-121,strong,0.32082704162382036,4.555262268070766e-120
8,contrarian_bias,0.30113328234631376,2.538281755954556e-105,strong,0.3004653930945741,7.672856479842614e-105
9,contrarian_bias,0.41565918143903574,3.7851178329794842e-208,strong,0.41045407278416046,1.6234282375925064e-202
10,contrarian_bias,0.2697616942981764,4.171895946730181e-84,moderate,0.2648074278337599,5.294382674576561e-81
11,contrarian_bias,0.3611987849155982,5.930965595516235e-154,strong,0.35593618091977175,3.018309935095177e-149
12,contrarian_bias,0.4206999908156217,1.0654214221129512e-213,strong,0.41542813441591236,6.76420709580886e-208
13,contrarian_bias,0.2956855486240448,1.9322262347069337e-101,moderate,0.29045107850650365,8.639898004896055e-98
14,contrarian_bias,0.3957666586438189,3.735608327408693e-187,strong,0.3935849224001867,6.147240252085241e-185
15,contrarian_bias,0.35378069635785625,2.4091463641839045e-147,strong,0.3488170471145524,5.079419036673116e-143
16,contrarian_bias,0.3557653187681822,4.276442675931605e-149,strong,0.35368386257333173,2.930661411994124e-147
17,contrarian_bias,0.4496556193079977,1.761360457522272e-247,strong,0.44468933283398104,1.888020794213508e-241
18,contrarian_bias,0.44656697695800995,1.0184098902318854e-243,strong,0.4429662653095697,2.2123062755141757e-239
19,contrarian_bias,0.540862694740259,0.0,strong,0.5369681683798259,0.0
20,contrarian_bias,0.4716591466918917,1.9563010507544932e-275,strong,0.4671308371793443,1.6340529386303997e-269
21,contrarian_bias,0.4817307542002477,6.250832966047348e-289,strong,0.4774043331678396,4.452532219466268e-283
22,contrarian_bias,0.269053557202526,1.1694434894412622e-83,moderate,0.26379259530488575,2.2459346894009877e-80
23,contrarian_bias,0.20358014352580134,6.35207325616397e-48,moderate,0.19857798125345189,1.2271129209361448e-45
24,contrarian_bias,0.2998709533008934,2.0486627823805315e-104,moderate,0.2985439304674993,1.8196246220179087e-103
25,contrarian_bias,0.4120489569589788,3.127919171404965e-204,strong,0.4094559865509619,1.9013133682952674e-201
26,contrarian_bias,0.33229210196994896,3.515879275400962e-129,strong,0.33112998240505215,3.074279909264939e-128
27,contrarian_bias,0.33699891678325544,4.895583776033117e-133,strong,0.33557815817185965,7.26028393714723e-132
28,contrarian_bias,0.3432975011284469,2.6475870042749116e-138,strong,0.3414776883913151,9.061873797695695e-137
29,contrarian_bias,0.07721497141344462,4.5843790547875425e-08,weak,0.07432779763559595,1.4270310612365722e-07
30,contrarian_bias,0.27558281494133213,7.745157042036562e-88,moderate,0.27141555374843385,3.711692737472901e-85
31,contrarian_bias,0.4736043603350774,5.2488510058793056e-278,strong,0.46899517998824614,6.109570162726596e-272
32,contrarian_bias,0.31387821655615983,9.790657039917111e-115,strong,0.31216225019687044,1.9307734196374802e-113
33,contrarian_bias,0.39382248931761954,3.5331269644834326e-185,strong,0.3912688304798788,1.3280601218496547e-182
34,contrarian_bias,0.3750194403254018,9.596864994731756e-167,strong,0.3698385917844361,7.093177092806754e-162
35,contrarian_bias,0.4021167181877878,1.0611134465262317e-193,strong,0.3970106069799416,2.0007201907193904e-188
36,contrarian_bias,0.3606132228396983,2.0009936193594213e-153,strong,0.35836756263778524,2.0717355510792306e-151
37,contrarian_bias,0.5142109752961355,0.0,strong,0.5108867420859785,0.0
38,contrarian_bias,0.14620377340638666,2.7115550992650494e-25,moderate,0.1422167679698586,5.242548645789785e-24
39,contrarian_bias,0.2778414950009058,2.6084002998231655e-89,moderate,0.27671133307819795,1.4288351092190544e-88
40,contrarian_bias,0.3573668247840697,1.6183963409408521e-150,strong,0.35320383265989275,7.733912418685618e-147
41,contrarian_bias,0.3437201361134545,1.1615366933231838e-138,strong,0.3386407019065544,2.1317449261057727e-134
42,contrarian_bias,0.4655177889566777,2.000877900044458e-267,strong,0.4626721073757648,9.066812029107787e-264
43,contrarian_bias,0.47475517894351427,1.552183439679969e-279,strong,0.4701289722470087,2.006770402484259e-273
44,contrarian_bias,0.5776186805760082,0.0,strong,0.5742703755160606,0.0
45,contrarian_bias,0.44808435574044253,1.4607108488091577e-245,strong,0.4453506131118112,3.0119427658960992e-242
46,contrarian_bias,0.4362132939200402,2.180481299720234e-231,strong,0.43124942312201875,1.2580913107072029e-225
47,contrarian_bias,0.46694846897026543,2.8176653878482633e-269,strong,0.46227469894905515,2.9194716329047205e-263
48,contrarian_bias,0.6031132688970487,0.0,strong,0.6000259895114891,0.0
49,contrarian_bias,0.4108423295178861,6.219456459161935e-203,strong,0.40753086734147903,2.1376780043776816e-199
50,contrarian_bias,0.31389491740135395,9.509693930029762e-115,strong,0.31176903391515737,3.812871748819284e-113
51,contrarian_bias,0.34835611186583315,1.2687940315000057e-142,strong,0.3454323842549246,4.0708200907056234e-140
52,contrarian_bias,0.5243988803265316,0.0,strong,0.5210113405366354,0.0
53,contrarian_bias,0.4440285041263377,1.1772231758704795e-240,strong,0.43904112132808615,1.0309182742102347e-234
54,contrarian_bias,0.28311509005430724,8.384541715290905e-93,moderate,0.28182973135709777,6.0517499031446067e-92
55,contrarian_bias,0.30568059623917476,1.2579075065908602e-108,strong,0.3047252600563424,6.293562448641387e-108
56,contrarian_bias,0.613769754818318,0.0,strong,0.610815007464148,0.0
57,contrarian_bias,0.24445647437738716,6.133708524329992e-69,moderate,0.23980456189103497,2.4728340631117237e-66
58,contrarian_bias,0.6002786130463017,0.0,strong,0.5967560018080977,0.0
59,contrarian_bias,0.219884420480643,8.399337677697321e-56,moderate,0.2154481659652453,1.3591408654517329e-53
60,contrarian_bias,0.3981673141641287,1.3009173970680717e-189,strong,0.39318939791109897,1.5441296399005574e-184
61,contrarian_bias,0.24376391972173977,1.5106417479212153e-68,moderate,0.23903012799238416,6.630099849140644e-66
62,contrarian_bias,0.3638935538688499,2.1298640450911984e-156,strong,0.36208605747988387,9.349159966243192e-155
63,contrarian_bias,0.24344377928555225,2.2892201996152833e-68,moderate,0.23864647115471427,1.0792988469145925e-65
64,contrarian_bias,0.4850341397174617,1.8626949281941762e-293,strong,0.48040400518324244,3.9782668022628237e-287
65,contrarian_bias,0.29428902065170204,1.8515264988970122e-100,moderate,0.28949983697229503,3.9050422261322484e-97
66,contrarian_bias,0.5830492299029966,0.0,strong,0.5795075342479984,0.0
67,contrarian_bias,0.4485847068388089,3.586458177267037e-246,strong,0.44382099146105825,2.0897489802268895e-240
68,contrarian_bias,0.3246998989115977,4.211963552917819e-123,strong,0.3223810547625158,2.7954954224199773e-121
69,contrarian_bias,0.27100079394350995,6.819942221195236e-85,moderate,0.2697622203579479,4.168697847018292e-84
70,contrarian_bias,0.24909320412202604,1.3641905382553785e-71,moderate,0.24682618456214106,2.7473731138731482e-70
71,contrarian_bias,0.47325516329913403,1.5236801580923209e-277,strong,0.47028460063063826,1.2543761948893768e-273
72,contrarian_bias,0.5638875542694328,0.0,strong,0.5598635859111298,0.0
73,contrarian_bias,0.19820117223592426,1.8138975867379133e-45,moderate,0.19380648402830822,1.6317986699295489e-43
74,contrarian_bias,0.4146129608398607,5.226583076241763e-207,strong,0.40964538608561685,1.1927505921278744e-201
75,contrarian_bias,0.5556773372073809,0.0,strong,0.5519881066190981,0.0
76,contrarian_bias,0.5954674062229786,0.0,strong,0.5920701351170434,0.0
77,contrarian_bias,0.389207787359025,1.5308899915847203e-180,strong,0.3846984663528865,4.410418942563241e-176
78,contrarian_bias,0.281290655392952,1.3820850401736795e-91,moderate,0.2769157767928955,1.0510627012127436e-88
79,contrarian_bias,0.2877888468459665,5.802443272349755e-96,moderate,0.28524459058455875,3.099368307489612e-94
80,contrarian_bias,0.6114116664339675,0.0,strong,0.6079548517796447,0.0
81,contrarian_bias,0.4943871410763957,1.5239993246950824e-306,strong,0.49014691499669616,1.4675546115674302e-300
82,contrarian_bias,0.09127720794540328,1.0052406346775556e-10,weak,0.0881423344759165,4.2870905151909746e-10
83,contrarian_bias,0.41922755424090113,4.557225747116005e-212,strong,0.41649023928797535,4.6721765215700495e-209
84,contrarian_bias,0.3359598098636238,3.523396229426531e-132,strong,0.3312019337175225,2.6887947327180565e-128
85,contrarian_bias,0.4902950235724127,9.099345049742223e-301,strong,0.48607933022644495,6.726543469107658e-295
86,contrarian_bias,0.27351270479836054,1.6846433438713827e-86,moderate,0.2689139255434776,1.4324747210453486e-83
87,contrarian_bias,0.43909865547119686,8.8153464455113e-235,strong,0.4347981203120389,9.791692192159783e-230
88,contrarian_bias,0.3134442733051703,2.08493333506255e-114,strong,0.3118094559073864,3.555444812018944e-113
89,contrarian_bias,0.29866669287906045,1.487461776844867e-103,moderate,0.2935631043532505,5.963824489412287e-100
90,contrarian_bias,0.5108151903792171,0.0,strong,0.5063941415569846,1e-323
91,contrarian_bias,0.2157495039181803,9.655349248056338e-54,moderate,0.2110291264225057,1.927596350903252e-51
92,contrarian_bias,0.48690695876679696,4.8096307509305436e-296,strong,0.48328073553618905,4.77070014276832e-291
93,contrarian_bias,0.4883933901490274,4.135409380435202e-298,strong,0.48373559733321375,1.135382173158449e-291
94,contrarian_bias,0.38634683611702236,1.0530224555424226e-177,strong,0.3840450256227672,1.9270918755763107e-175
95,contrarian_bias,0.5202015438531966,0.0,strong,0.5157205771331999,0.0
96,contrarian_bias,0.5770138200717454,0.0,strong,0.5731626526507783,0.0
97,contrarian_bias,0.4280932523299742,5.163963999666319e-222,strong,0.42573421948758194,2.446907717527492e-219
98,contrarian_bias,0.4498119768850607,1.1333466594050151e-247,strong,0.4468278266676084,4.917007733254124e-244
99,contrarian_bias,0.3458776261786475,1.6972287474577496e-140,strong,0.34374616890196463,1.1040137450676643e-138
100,contrarian_bias,0.1900083033886526,7.308440525103722e-42,moderate,0.18525139693264828,7.63422313382097e-40
101,contrarian_bias,0.5902511837354785,0.0,strong,0.5872400538025182,0.0
102,contrarian_bias,0.3070257591138784,1.290057601170891e-109,strong,0.3037171451311471,3.419219048587786e-107
103,contrarian_bias,0.5440733166058663,0.0,strong,0.5408280643518015,0.0
104,contrarian_bias,0.4377467446044186,3.461355290839061e-233,strong,0.4349771054768896,6.057811443936649e-230
105,contrarian_bias,0.4576106792811502,2.3736836723947128e-257,strong,0.45498964729018826,4.534817951136672e-254
106,contrarian_bias,0.5525455211307821,0.0,strong,0.548984632488384,0.0
107,contrarian_bias,0.18784191516157558,6.16638163680972e-41,moderate,0.1838481915340122,2.9373204942112976e-39
108,contrarian_bias,0.405057326792196,8.816664017236111e-197,strong,0.4000172408168707,1.60731722952614e-191
109,contrarian_bias,0.49727452662808264,1.14774867453775e-310,strong,0.49298271328621524,1.4935024656582537e-304
110,contrarian_bias,0.36111341076518944,7.082617855928567e-154,strong,0.3594519133122077,2.214888302830941e-152
111,contrarian_bias,0.601203202682092,0.0,strong,0.5977552676982303,0.0
112,contrarian_bias,0.350587876790325,1.4864815946363243e-144,strong,0.34754163684879325,6.372013202189498e-142
113,contrarian_bias,0.41269234308623454,6.319662157967672e-205,strong,0.41021673737296616,2.9165636634091004e-202
114,contrarian_bias,0.449571060620599,2.2354371820220576e-247,strong,0.44706286835243175,2.549933371440909e-244
115,contrarian_bias,0.38822780740053,1.4456911126525663e-179,strong,0.383057855187605,1.7767808995406627e-174
116,contrarian_bias,0.5834263891970688,0.0,strong,0.5798454815293925,0.0
117,contrarian_bias,0.5124279084334359,0.0,strong,0.5096874058606957,0.0
118,contrarian_bias,0.32070988811165035,5.618188792378336e-120,strong,0.3184158609821944,3.349065822470347e-118
119,contrarian_bias,0.6039341063407799,0.0,strong,0.6006260734034107,0.0
120,contrarian_bias,0.04977906661195816,0.000429575062398544,weak,0.046382393511771584,0.0010355860913570949
121,contrarian_bias,0.35326610508037093,6.819769988698355e-147,strong,0.351574674325194,2.056953788872085e-145
122,contrarian_bias,0.5028428875086525,9.8973e-319,strong,0.4995087544375232,6.951813275e-314
123,contrarian_bias,0.6095444723808634,0.0,strong,0.606170173515028,0.0
124,contrarian_bias,0.460759245055359,2.4873807213572548e-261,strong,0.4559806888397841,2.626038795270063e-255
125,contrarian_bias,0.6395510071194356,0.0,strong,0.636347296838202,0.0
126,contrarian_bias,0.27418713605962663,6.195076255505731e-87,moderate,0.26995150510799115,3.1631162263374874e-84
127,contrarian_bias,0.47678964526484724,2.973898798400877e-282,strong,0.47367372562680754,4.246808347720034e-278
0,popularity_bias,0.0709619191610367,5.091202732715704e-07,weak,,
1,popularity_bias,-0.05555416766149247,8.483077258473904e-05,weak,,
2,popularity_bias,0.06857562412888639,1.2128267734080203e-06,weak,,
3,popularity_bias,0.08344081543891432,3.442163817902037e-09,weak,,
4,popularity_bias,0.09312063271355098,4.186694927118343e-11,weak,,
5,popularity_bias,-0.01459007639154945,0.30231993331217866,weak,,
6,popularity_bias,0.11051320393568309,4.631930228099618e-15,moderate,,
7,popularity_bias,-0.05484733805717563,0.00010435191490211722,weak,,
8,popularity_bias,-0.07506860378793156,1.0705393312589888e-07,weak,,
9,popularity_bias,0.088089800954599,4.3907239293204395e-10,weak,,
10,popularity_bias,0.09637323548968336,8.562034360823336e-12,weak,,
11,popularity_bias,0.11154284799443326,2.574047724808636e-15,moderate,,
12,popularity_bias,0.11952308873357625,2.254679450269275e-17,moderate,,
13,popularity_bias,0.04395161215879056,0.0018799296699436089,weak,,
14,popularity_bias,-0.0698921659531431,7.539042111914672e-07,weak,,
15,popularity_bias,0.11039686933512985,4.9481368512029756e-15,moderate,,
16,popularity_bias,-0.05348930671765305,0.00015431019826120601,weak,,
17,popularity_bias,0.10355990779881843,2.124728078288764e-13,moderate,,
18,popularity_bias,-0.029969454738645984,0.03408146097644927,weak,,
19,popularity_bias,0.05542259111465555,8.818120205805405e-05,weak,,
20,popularity_bias,0.036325526852284525,0.010204893186420724,weak,,
21,popularity_bias,0.052114256597448415,0.0002272539094419761,weak,,
22,popularity_bias,0.10016685036583214,1.257043264963494e-12,moderate,,
23,popularity_bias,0.023057118446191273,0.10306059876646567,weak,,
24,popularity_bias,-0.06194423054914294,1.1693099463132374e-05,weak,,
25,popularity_bias,-0.05810697775420129,3.935564378574567e-05,weak,,
26,popularity_bias,-0.07988992400279003,1.5431013948062476e-08,weak,,
27,popularity_bias,-0.061747700523648086,1.2464566492919727e-05,weak,,
28,popularity_bias,-0.05998107777632576,2.1950813220903606e-05,weak,,
29,popularity_bias,0.06300777790431224,8.248165151484681e-06,weak,,
30,popularity_bias,0.09207796236436146,6.885597506304067e-11,weak,,
31,popularity_bias,0.028295543057699414,0.04542501634831219,weak,,
32,popularity_bias,-0.06357730496331444,6.826675770174458e-06,weak,,
33,popularity_bias,-0.06536535080855954,3.7311924288689326e-06,weak,,
34,popularity_bias,0.11322675566387463,9.733491811822424e-16,moderate,,
35,popularity_bias,0.11136694378907946,2.8469007794624935e-15,moderate,,
36,popularity_bias,-0.04758653918075156,0.0007628275801630345,weak,,
37,popularity_bias,-0.021152442125991124,0.13478481792052416,weak,,
38,popularity_bias,0.07971788783562897,1.6568034030043393e-08,weak,,
39,popularity_bias,-0.0690623616093098,1.0183336807931945e-06,weak,,
40,popularity_bias,0.00245337209825712,0.8623083441595778,weak,,
41,popularity_bias,0.10158681209904298,6.016446741768102e-13,moderate,,
42,popularity_bias,-0.03553169235514429,0.011983316867492114,weak,,
43,popularity_bias,0.11615942708083356,1.7284082217132292e-16,moderate,,
44,popularity_bias,0.023021709282322615,0.10359076964699801,weak,,
45,popularity_bias,-0.04503249127803814,0.0014470519432108117,weak,,
46,popularity_bias,0.11507941004895939,3.2832780966564407e-16,moderate,,
47,popularity_bias,0.08193760449696809,6.5461023863990165e-09,weak,,
48,popularity_bias,0.0008615423260211891,0.9514348502217285,weak,,
49,popularity_bias,-0.032555977061051476,0.02133010710891762,weak,,
50,popularity_bias,-0.06371853886087747,6.512261138398525e-06,weak,,
51,popularity_bias,-0.04450954709310788,0.001643504013028193,weak,,
52,popularity_bias,-0.01633984175838218,0.24801282499801525,weak,,
53,popularity_bias,0.10319345317209784,2.5817066328037643e-13,moderate,,
54,popularity_bias,-0.06390963270896342,6.1088302323047864e-06,weak,,
55,popularity_bias,-0.07403346186309992,1.598470664203731e-07,weak,,
56,popularity_bias,0.007858992393923708,0.5784950557881193,weak,,
57,popularity_bias,0.09578440311301498,1.1457202838625129e-11,weak,,
58,popularity_bias,0.0807072539974663,1.0985787503626563e-08,weak,,
59,popularity_bias,0.08704391591903829,7.043896493228243e-10,weak,,
60,popularity_bias,0.10720106050256899,2.955041186653482e-14,moderate,,
61,popularity_bias,0.0956638688153034,1.2158498556506823e-11,weak,,
62,popularity_bias,-0.06594962049564886,3.0524617675948034e-06,weak,,
63,popularity_bias,0.09557770673764908,1.2685399472764567e-11,weak,,
64,popularity_bias,0.09715442638109598,5.802001297117675e-12,weak,,
65,popularity_bias,0.10042233884999334,1.1017908079738518e-12,moderate,,
66,popularity_bias,0.03450506106850911,0.014687556458661795,weak,,
67,popularity_bias,0.11131222267834154,2.9374471189990366e-15,moderate,,
68,popularity_bias,-0.047518865548018825,0.0007761872344197063,weak,,
69,popularity_bias,-0.07647960189786117,6.145897007412993e-08,weak,,
70,popularity_bias,-0.08299269498121192,4.174072168910095e-09,weak,,
71,popularity_bias,-0.03001300676518511,0.03382199753048617,weak,,
72,popularity_bias,0.09858977253938216,2.8156205083786893e-12,weak,,
73,popularity_bias,0.0867857713273345,7.908858073157888e-10,weak,,
74,popularity_bias,0.11345674447441711,8.513237897972019e-16,moderate,,
75,popularity_bias,0.027118600208176184,0.05518106976844428,weak,,
76,popularity_bias,0.029649071720392578,0.03604294369072697,weak,,
77,popularity_bias,0.10797664376060162,1.9243651789690977e-14,moderate,,
78,popularity_bias,0.09520017803282535,1.5270043151782067e-11,weak,,
79,popularity_bias,-0.05625883444335845,6.884048632667118e-05,weak,,
80,popularity_bias,0.08051117999312388,1.1922362055843796e-08,weak,,
81,popularity_bias,0.024529872081461613,0.0828557961907345,weak,,
82,popularity_bias,0.06346074806446769,7.097037387945521e-06,weak,,
83,popularity_bias,-0.048168272537431854,0.0006564809912197177,weak,,
84,popularity_bias,0.1020706048706882,4.669781990523663e-13,moderate,,
85,popularity_bias,0.022350408280173775,0.11405769395128902,weak,,
86,popularity_bias,0.09965099833269862,1.6387304195163134e-12,weak,,
87,popularity_bias,-0.016359120869879056,0.2474551597233851,weak,,
88,popularity_bias,-0.05605926292498952,7.305322153561739e-05,weak,,
89,popularity_bias,0.08939648935479003,2.413964554861546e-10,weak,,
90,popularity_bias,0.0968255118360026,6.837488783544561e-12,weak,,
91,popularity_bias,0.07113771333814839,4.770557258329343e-07,weak,,
92,popularity_bias,-0.020124595970834044,0.1547906298461722,weak,,
93,popularity_bias,0.09389696018862041,2.8804011026694206e-11,weak,,
94,popularity_bias,-0.05294334550161707,0.00018014203556026962,weak,,
95,popularity_bias,0.10085507415563259,8.806479262996977e-13,moderate,,
96,popularity_bias,0.10155203447964029,6.12675819717208e-13,moderate,,
97,popularity_bias,-0.04354272489416619,0.002072604486126621,weak,,
98,popularity_bias,-0.03639626650425529,0.010058435091098286,weak,,
99,popularity_bias,-0.07442977667200563,1.371889262964387e-07,weak,,
100,popularity_bias,0.06072251349871307,1.734209052646084e-05,weak,,
101,popularity_bias,0.0008668311713590469,0.9511370896917488,weak,,
102,popularity_bias,-0.05074344730611171,0.00033128884139725173,weak,,
103,popularity_bias,-0.018314166710162637,0.19539201256244434,weak,,
104,popularity_bias,-0.046822421236943065,0.0009268662256201437,weak,,
105,popularity_bias,-0.047050562464386825,0.0008747550961853653,weak,,
106,popularity_bias,0.023163106856764426,0.10148654853957491,weak,,
107,popularity_bias,0.08411939393905235,2.5657636276118087e-09,weak,,
108,popularity_bias,0.11492193675696748,3.6034710715068047e-16,moderate,,
109,popularity_bias,0.015283354349731968,0.2799243732439326,weak,,
110,popularity_bias,-0.06516129239238505,4.000656829247839e-06,weak,,
111,popularity_bias,0.04913991834238705,0.0005090508748004044,weak,,
112,popularity_bias,-0.0387166022599523,0.006181046266635147,weak,,
113,popularity_bias,-0.06207149472265214,1.1218069799909142e-05,weak,,
114,popularity_bias,-0.052793028404309085,0.00018793767779375724,weak,,
115,popularity_bias,0.09231675484379348,6.147048635777393e-11,weak,,
116,popularity_bias,0.06419974491092971,5.5417297462198024e-06,weak,,
117,popularity_bias,-0.030236397302897032,0.03251752368561754,weak,,
118,popularity_bias,-0.05838193576934312,3.616327722913901e-05,weak,,
119,popularity_bias,0.028464554133169794,0.04415120376443883,weak,,
120,popularity_bias,0.0622182530316767,1.0693140321036284e-05,weak,,
121,popularity_bias,-0.06208786172541231,1.1158331585530901e-05,weak,,
122,popularity_bias,-0.025913827864464653,0.0669165868245442,weak,,
123,popularity_bias,0.05126506310681147,0.0002873271006960863,weak,,
124,popularity_bias,0.11264633621251491,1.3631953498940408e-15,moderate,,
125,popularity_bias,0.07171326322891608,3.851350819954371e-07,weak,,
126,popularity_bias,0.09712921315665629,5.875613457967738e-12,weak,,
127,popularity_bias,-0.03946597742519366,0.005253644619967451,weak,,
