unit,top_genre,top_genre_enrichment,genre_enrichment_all,year_skew,top_genome_tags,top_user_tags
0,Animation,2.365,"{'Animation': 2.3647266018114728, 'Romance': 2.350631486807553, 'Adventure': 2.3135050869707907, 'Children': 1.8362203698879918}",1.6,"[('saturn award (best science fiction film)', -0.072), ('saturn award (best special effects)', -0.068), ('oscar (best effects - visual effects)', -0.066), ('oscar (best sound)', -0.063), ('awesome', -0.058), ('original plot', -0.057), ('brilliant', -0.054), ('effects', -0.053), ('exciting', -0.052), ('special effects', -0.051)]","['revenge', 'netflix', 'hayden christensen', 'orlando bloom', 'shia labeouf']"
1,Musical,3.494,"{'Musical': 3.4940520446096652, 'Animation': 2.3121771217712177, 'War': 2.1026845637583893, 'Children': 1.7954154727793699}",-0.8,"[('good', -0.087), ('pg-13', -0.077), ('better than expected', -0.073), ('very good', -0.069), ('great movie', -0.068), ('plot', -0.065), ('great', -0.064), ('underrated', -0.061), ('original plot', -0.06), ('cool', -0.059)]","['betamax', 'history', '70mm', 'spherical blow-up', 'whodunnit']"
2,Children,2.184,"{'Children': 2.183613412839774, 'Romance': 2.096509163909439, 'Drama': 1.5305197055544655, 'Horror': 1.146848880483192}",3.4,"[('great movie', 0.115), ('great', 0.115), ('good', 0.114), ('very good', 0.106), ('excellent', 0.097), ('oscar winner', 0.089), ('good acting', 0.088), ('great acting', 0.087), ('clever', 0.085), ('brilliant', 0.084)]","['clv', 'good story', 'movie physics', 'deus ex machina', 'movies 8']"
3,Animation,2.365,"{'Animation': 2.3647266018114728, 'Action': 1.5973103417021663, 'Fantasy': 1.5535537190082644, 'Adventure': 1.3881030521824744}",11.1,"[('good', 0.303), ('very good', 0.29), ('great movie', 0.28), ('great', 0.269), ('excellent', 0.257), ('oscar winner', 0.253), ('good acting', 0.244), ('original plot', 0.241), ('awesome', 0.241), ('clever', 0.228)]","['dark comedy', 'satire', 'less than 300 ratings', 'sequel', 'not a movie']"
4,Comedy,2.189,"{'Comedy': 2.1889204715099546, 'Action': 1.5196033521058447, 'Horror': 1.146848880483192, 'Romance': 1.0482545819547195}",0.6,"[('good', 0.3), ('very good', 0.278), ('great movie', 0.277), ('great', 0.269), ('excellent', 0.258), ('good acting', 0.243), ('oscar winner', 0.241), ('original plot', 0.239), ('awesome', 0.236), ('great ending', 0.23)]","['gerard butler', 'clint eastwood', 'jodie foster', 'island', 'abigail breslin']"
5,Animation,4.218,"{'Animation': 4.218160965393437, 'Children': 2.183613412839774, 'Documentary': 2.1804895023779145, 'Horror': 1.7202733207247882}",2.9,"[('good', -0.227), ('great movie', -0.204), ('great', -0.199), ('very good', -0.199), ('excellent', -0.198), ('good acting', -0.172), ('oscar winner', -0.169), ('great acting', -0.166), ('great ending', -0.155), ('underrated', -0.152)]","['bad acting', 'less than 300 ratings', 'france', 'comedy', 'dany boon']"
6,Sci-Fi,2.037,"{'Sci-Fi': 2.0366197183098596, 'Crime': 1.853846153846154, 'Drama': 1.3403367835624904, 'Thriller': 1.210041841004184}",2.1,"[('good', 0.158), ('great movie', 0.143), ('very good', 0.136), ('excellent', 0.135), ('great', 0.133), ('good acting', 0.122), ('interesting', 0.114), ('oscar winner', 0.11), ('original plot', 0.11), ('story', 0.109)]","['adapted from:book', 'based on a book', 'bd-r', 'author:mark twain', 'mark twain']"
7,IMAX,6.392,"{'IMAX': 6.391703502210133, 'Horror': 2.080069047935201, 'Thriller': 1.6193206989908935, 'Adventure': 1.5967721384582714}",8.8,"[('good', -0.217), ('great movie', -0.203), ('very good', -0.197), ('great', -0.197), ('excellent', -0.184), ('good acting', -0.174), ('oscar winner', -0.168), ('great acting', -0.166), ('interesting', -0.152), ('great ending', -0.148)]","['nudity (topless)', 'cheerleading', 'anne judson-yager', 'bree turner', 'full moon entertainment']"
8,Horror,3.622,"{'Horror': 3.622364146892034, 'War': 3.461736781797348, 'Action': 1.3713493665345429, 'Sci-Fi': 1.2915149433184474}",-2.2,"[('good', -0.133), ('very good', -0.117), ('pg-13', -0.112), ('great', -0.101), ('great movie', -0.097), ('plot', -0.097), ('excellent', -0.097), ('good acting', -0.096), ('story', -0.095), ('better than expected', -0.093)]","['nudity (topless)', 'less than 300 ratings', 'campy', 'aliens', 'dvd-video']"
9,IMAX,7.409,"{'IMAX': 7.408565423016291, 'Fantasy': 3.883884297520661, 'Animation': 2.3647266018114728, 'War': 2.1504728492983527}",-3.3,"[('saturn award (best special effects)', -0.046), ('saturn award (best science fiction film)', -0.04), ('culture clash', 0.036), ('oscar (best sound)', -0.035), ('scifi cult', -0.035), ('goofy', -0.034), ('star wars', -0.034), ('stoner movie', -0.034), ('1920s', 0.034), ('east germany', 0.033)]","['disturbing', 'comedy', 'animation', 'criterion', 'whodunnit']"
10,Mystery,1.748,"{'Mystery': 1.7483258928571428, 'Fantasy': 1.6275324675324674, 'Horror': 1.5154788777813608, 'Drama': 1.3483149787027433}",-3.4,"[('good', 0.112), ('very good', 0.107), ('good acting', 0.103), ('great acting', 0.098), ('interesting', 0.097), ('great movie', 0.087), ('excellent', 0.087), ('great', 0.083), ('intense', 0.083), ('clever', 0.081)]","['r', 'less than 300 ratings', 'nudity (topless - brief)', 'drags on endlessly', 'based on a true story']"
11,Mystery,1.708,"{'Mystery': 1.7076671511627906, 'Fantasy': 1.5896828752642707, 'Comedy': 1.3039544132608494, 'Sci-Fi': 1.2314444808385197}",2.8,"[('good', 0.217), ('great', 0.202), ('great movie', 0.201), ('very good', 0.2), ('excellent', 0.186), ('awesome', 0.168), ('oscar winner', 0.167), ('good acting', 0.167), ('original plot', 0.166), ('interesting', 0.157)]","['boring', 'religion', 'accepting death', 'christianity', 'incongruous']"
12,Film-Noir,8.461,"{'Film-Noir': 8.461215303825956, 'IMAX': 7.580857642156204, 'Animation': 4.83944048742813, 'Children': 3.757846338375425}",-6.5,"[('good', 0.104), ('great', 0.087), ('great ending', 0.082), ('pg-13', 0.08), ('great movie', 0.079), ('excellent', 0.079), ('good acting', 0.078), ('very good', 0.076), ('plot', 0.076), ('oscar winner', 0.076)]","['nudity (topless)', 'nostalgia critic', 'lewis milestone', 'dvd-video', 'reviewed']"
13,War,2.628,"{'War': 2.628355704697986, 'Documentary': 2.2410586552217455, 'Crime': 2.0083333333333333, 'Drama': 1.3310288892321955}",-1.0,"[('saturn award (best science fiction film)', -0.072), ('great', -0.071), ('awesome', -0.071), ('good', -0.069), ('brilliant', -0.068), ('oscar (best sound)', -0.067), ('oscar winner', -0.066), ('excellent', -0.066), ('entertaining', -0.065), ('oscar (best effects - visual effects)', -0.064)]","['true story', 'less than 300 ratings', 'jane austen', 'james mcavoy', 'romance']"
14,Horror,2.294,"{'Horror': 2.293697760966384, 'Documentary': 2.1804895023779145, 'Drama': 1.295055135469163, 'Thriller': 1.2754495080854913}",0.6,"[('good', -0.095), ('great', -0.078), ('very good', -0.077), ('original plot', -0.075), ('awesome', -0.073), ('excellent', -0.07), ('great movie', -0.07), ('good acting', -0.069), ('plot', -0.067), ('fast paced', -0.067)]","['humorous', 'revenge', 'nudity (full frontal - notable)', 'edgar allan poe', 'vincent price']"
15,Fantasy,2.698,"{'Fantasy': 2.6982775119617224, 'Horror': 1.6750029701793987, 'Drama': 1.14634067015213, 'Action': 1.1097103426562418}",-4.7,"[('good', 0.168), ('very good', 0.156), ('excellent', 0.145), ('good acting', 0.144), ('great movie', 0.139), ('great', 0.135), ('interesting', 0.134), ('great ending', 0.128), ('oscar winner', 0.127), ('original plot', 0.125)]","['less than 300 ratings', 'bleak', 'atmospheric', 'based on a book', 'bd-r']"
16,Animation,2.214,"{'Animation': 2.2137866059511655, 'Fantasy': 2.181586073500967, 'Adventure': 1.7326676396036562, 'Crime': 1.5382978723404255}",12.3,"[('good', -0.158), ('very good', -0.146), ('great', -0.128), ('great movie', -0.127), ('good acting', -0.122), ('excellent', -0.118), ('great acting', -0.114), ('great ending', -0.112), ('interesting', -0.111), ('oscar winner', -0.107)]","['based on a book', 'bob*ola', 'criterion', 'movie to see', 'sword fight']"
17,Mystery,2.622,"{'Mystery': 2.622488839285714, 'Thriller': 1.966317991631799, 'Documentary': 1.920907418761496, 'Drama': 1.3483149787027433}",4.2,"[('good', 0.078), ('chase', 0.065), ('very good', 0.065), ('great movie', 0.062), ('great', 0.06), ('exciting', 0.059), ('excellent', 0.058), ('dialogue', 0.056), ('morality', 0.056), ('good acting', 0.055)]","['netflix', 'nudity (topless)', 'france', 'conspiracy', 'female stripper (scene)']"
18,Animation,2.477,"{'Animation': 2.4773326304691614, 'Sci-Fi': 1.8911468812877263, 'Adventure': 1.4542031975244971, 'Thriller': 1.4045128511655707}",-0.5,"[('good', -0.102), ('great movie', -0.099), ('great', -0.099), ('awesome', -0.098), ('great ending', -0.098), ('very good', -0.097), ('original plot', -0.097), ('good acting', -0.096), ('brilliant', -0.093), ('oscar winner', -0.092)]","['based on a book', 'revenge', 'animal rights', 'emotional', 'horrifying (but not horror genre)']"
19,Fantasy,2.909,"{'Fantasy': 2.9087814313346225, 'Children': 2.5785222215448393, 'Animation': 2.2137866059511655, 'Documentary': 1.7165555657017624}",0.7,"[('saturn award (best science fiction film)', -0.132), ('saturn award (best special effects)', -0.12), ('great', -0.119), ('great movie', -0.119), ('original plot', -0.118), ('awesome', -0.112), ('oscar winner', -0.112), ('excellent', -0.108), ('good', -0.107), ('oscar (best effects - visual effects)', -0.107)]","['based on a book', 'aliens', 'christmas', 'criterion', 'atmospheric']"
20,Children,2.885,"{'Children': 2.8854891526811297, 'Fantasy': 2.441298701298701, 'Horror': 2.020638503708481, 'Documentary': 1.920907418761496}",0.7,"[('saturn award (best science fiction film)', -0.079), ('awesome', -0.076), ('original plot', -0.074), ('brilliant', -0.072), ('good', -0.069), ('saturn award (best special effects)', -0.068), ('oscar (best effects - visual effects)', -0.068), ('oscar winner', -0.068), ('very good', -0.066), ('great movie', -0.066)]","['betamax', 'drugs', 'reality tv', 'crappy sequel', 'nudity (topless)']"
21,Fantasy,3.334,"{'Fantasy': 3.3344567627494457, 'Animation': 2.5377553775537756, 'Comedy': 1.5195132729055967, 'Drama': 1.1687082929843666}",2.6,"[('great movie', -0.146), ('great', -0.139), ('awesome', -0.132), ('good', -0.132), ('quotable', -0.123), ('saturn award (best science fiction film)', -0.123), ('original plot', -0.121), ('entertaining', -0.121), ('oscar winner', -0.12), ('cool', -0.118)]","['adapted from:book', 'nudity (topless - notable)', 'nudity (topless)', 'less than 300 ratings', 'excellent acting']"
22,Western,5.759,"{'Western': 5.759191176470588, 'Musical': 4.624480647277498, 'Sci-Fi': 1.5574150787075394, 'Romance': 1.5209968444048871}",-5.4,"[('good', 0.194), ('very good', 0.173), ('great movie', 0.153), ('original plot', 0.15), ('great', 0.149), ('cool', 0.143), ('entertaining', 0.139), ('excellent', 0.138), ('good acting', 0.136), ('pg-13', 0.136)]","['less than 300 ratings', 'john wayne', 'gay', 'cats', 'adapted from:comic']"
23,IMAX,10.187,"{'IMAX': 10.186777456647398, 'Musical': 2.1837825278810405, 'Horror': 1.768058690744921, 'Sci-Fi': 1.6547535211267608}",13.3,"[('good', -0.154), ('great movie', -0.146), ('oscar winner', -0.141), ('great', -0.14), ('very good', -0.135), ('excellent', -0.135), ('brilliant', -0.126), ('saturn award (best science fiction film)', -0.125), ('quotable', -0.12), ('oscar (best effects - visual effects)', -0.119)]","['nudity (topless)', 'kaf', 'twists & turns', 'story', 'dark']"
24,Documentary,2.47,"{'Documentary': 2.4697381098362094, 'Musical': 2.1392155375161215, 'Action': 1.4343194905080676, 'Fantasy': 1.3950278293135434}",8.6,"[('good', -0.173), ('very good', -0.162), ('great', -0.158), ('great movie', -0.144), ('good acting', -0.138), ('excellent', -0.137), ('interesting', -0.126), ('great acting', -0.126), ('oscar winner', -0.122), ('original plot', -0.117)]","['music', 'nudity (topless - brief)', 'horror', 'atmospheric', 'jim jarmusch']"
25,Musical,2.621,"{'Musical': 2.620539033457249, 'Documentary': 2.016952789699571, 'Fantasy': 1.708909090909091, 'Horror': 1.591252821670429}",5.5,"[('good', -0.122), ('very good', -0.113), ('great movie', -0.11), ('great', -0.109), ('good acting', -0.108), ('excellent', -0.108), ('great ending', -0.106), ('interesting', -0.1), ('clever', -0.098), ('great acting', -0.095)]","['nudity (topless)', 'nudity (topless - brief)', 'weak ending', 'elizabeth olsen', 'cinematography']"
26,Children,3.275,"{'Children': 3.2754201192596613, 'Mystery': 1.9845861486486487, 'Crime': 1.9540540540540543, 'Horror': 1.7202733207247882}",-2.4,"[('better than expected', -0.076), ('pg-13', -0.075), ('good', -0.075), ('good acting', -0.06), ('unrealistic', -0.059), ('disappointing', -0.057), ('plot', -0.057), ('very good', -0.056), ('cool', -0.056), ('original plot', -0.054)]","['bd-r', 'clv', 'murder', 'less than 300 ratings', 'shirley temple']"
27,Musical,2.23,"{'Musical': 2.2302459859210626, 'Animation': 2.2137866059511655, 'War': 2.0132086248750536, 'Romance': 1.375369486961866}",-0.9,"[('good', -0.16), ('very good', -0.149), ('great movie', -0.133), ('great', -0.132), ('good acting', -0.13), ('excellent', -0.129), ('great ending', -0.12), ('great acting', -0.118), ('underrated', -0.116), ('interesting', -0.116)]","['criterion', 'nudity (full frontal - notable)', 'nudity (full frontal)', 'janet mcteer', 'southern us']"
28,Documentary,3.185,"{'Documentary': 3.184662299525638, 'Crime': 2.3782894736842106, 'Fantasy': 1.7988516746411483, 'Romance': 1.360891913414899}",7.1,"[('good', -0.156), ('very good', -0.154), ('great movie', -0.13), ('great', -0.128), ('excellent', -0.121), ('good acting', -0.114), ('interesting', -0.111), ('great acting', -0.109), ('story', -0.108), ('pg-13', -0.107)]","['love', 'less than 300 ratings', 'criterion', 'england', 'ryan gosling']"
29,Sci-Fi,2.648,"{'Sci-Fi': 2.6476056338028173, 'Animation': 2.080959409594096, 'Horror': 1.6973363431151243, 'Action': 1.6867597208374876}",2.5,"[('good', 0.259), ('great movie', 0.25), ('great', 0.238), ('very good', 0.236), ('excellent', 0.225), ('original plot', 0.214), ('good acting', 0.21), ('oscar winner', 0.209), ('great ending', 0.204), ('awesome', 0.201)]","['atmospheric', 'woody allen', '100 essential female performances', 'death', 'existentialism']"
30,Fantasy,2.629,"{'Fantasy': 2.6290909090909094, 'Animation': 2.0009225092250924, 'Action': 1.892198404785643, 'Adventure': 1.5660649819494585}",10.4,"[('good', 0.264), ('great movie', 0.249), ('very good', 0.249), ('great', 0.244), ('excellent', 0.226), ('good acting', 0.22), ('oscar winner', 0.215), ('original plot', 0.212), ('awesome', 0.211), ('great ending', 0.2)]","['joan cusack', 'kaf', 'nudity (topless)', 'manny coto', 'dc comics']"
31,Documentary,2.631,"{'Documentary': 2.630807986564658, 'Sci-Fi': 2.3022657685241885, 'War': 2.0569740297636416, 'Horror': 1.8449308077338307}",-3.2,"[('good', -0.161), ('great movie', -0.156), ('great', -0.151), ('excellent', -0.145), ('very good', -0.143), ('oscar winner', -0.138), ('quotable', -0.136), ('awesome', -0.133), ('saturn award (best science fiction film)', -0.133), ('original plot', -0.132)]","['atmospheric', 'cerebral', 'disturbing', 'psychology', 'mental illness']"
32,War,2.783,"{'War': 2.782964863797868, 'Musical': 2.0553247321233323, 'Action': 1.6536860008210663, 'Adventure': 1.5967721384582714}",-2.2,"[('good', -0.213), ('very good', -0.189), ('great', -0.186), ('great movie', -0.185), ('excellent', -0.174), ('good acting', -0.16), ('oscar winner', -0.146), ('underrated', -0.145), ('great ending', -0.14), ('great acting', -0.138)]","['bd-r', 'underrated', 'college kids', 'clever', 'cult film']"
33,Drama,1.525,"{'Drama': 1.5246330913023327, 'Comedy': 1.2460008837825896, 'Action': 1.0542248255234297, 'Romance': 0.9696354883081155}",4.7,"[('good', -0.144), ('very good', -0.142), ('great movie', -0.13), ('great ending', -0.127), ('excellent', -0.124), ('oscar winner', -0.121), ('great', -0.117), ('good acting', -0.117), ('chase', -0.11), ('clever', -0.109)]","['surreal', 'clv', 'less than 300 ratings', 'stylized', 'soundtrack']"
34,Animation,3.321,"{'Animation': 3.3206799089267482, 'Action': 2.0934961074224137, 'War': 2.0132086248750536, 'Horror': 1.8056769607607703}",2.9,"[('good', 0.22), ('very good', 0.201), ('great', 0.194), ('great movie', 0.193), ('excellent', 0.178), ('oscar winner', 0.168), ('good acting', 0.166), ('great ending', 0.161), ('original plot', 0.158), ('awesome', 0.155)]","['criterion', 'social commentary', 'stupid', 'cannibalism', 'martial arts']"
35,Animation,4.002,"{'Animation': 4.001845018450185, 'Fantasy': 2.6290909090909094, 'Action': 2.1625124626121637, 'Children': 2.0716332378223496}",4.6,"[('good', 0.159), ('great', 0.148), ('very good', 0.142), ('great movie', 0.137), ('excellent', 0.131), ('oscar winner', 0.126), ('good acting', 0.124), ('great ending', 0.113), ('great acting', 0.112), ('interesting', 0.111)]","['betamax', 'based on a book', 'keanu reeves', 'brian robbins', 'baseball']"
36,Animation,3.902,"{'Animation': 3.9017988929889293, 'War': 2.3655201342281877, 'Romance': 1.6160591471801926, 'Sci-Fi': 1.3238028169014087}",3.3,"[('good', -0.188), ('great', -0.173), ('great movie', -0.166), ('very good', -0.164), ('excellent', -0.158), ('good acting', -0.141), ('oscar winner', -0.137), ('interesting', -0.128), ('great acting', -0.123), ('chase', -0.119)]","['nudity (topless - notable)', 'christmas', 'seen 2012', 'lesbian', 'gay']"
37,Sci-Fi,2.407,"{'Sci-Fi': 2.4069142125480156, 'Thriller': 1.9305667554203119, 'Animation': 1.891781281449178, 'Action': 1.788987582706426}",6.9,"[('good', -0.124), ('great movie', -0.119), ('very good', -0.118), ('great', -0.113), ('awesome', -0.103), ('excellent', -0.102), ('original plot', -0.1), ('good acting', -0.098), ('interesting', -0.096), ('oscar winner', -0.094)]","['70mm', 'aliens', 'betamax', 'vhs', 'stephen hawking']"
38,Mystery,2.394,"{'Mystery': 2.3944463315217392, 'War': 2.0569740297636416, 'Thriller': 1.5388575586683644, 'Adventure': 1.3277507455658453}",3.6,"[('good', 0.262), ('very good', 0.246), ('great movie', 0.237), ('excellent', 0.227), ('great', 0.224), ('oscar winner', 0.215), ('good acting', 0.215), ('original plot', 0.213), ('great ending', 0.204), ('awesome', 0.202)]","['tense', 'cinemascope', 'beautiful', 'bittersweet', 'italian']"
39,Documentary,2.952,"{'Documentary': 2.95163822882864, 'Mystery': 1.790967987804878, 'Romance': 1.5766430704197, 'Thriller': 1.438769262169609}",8.0,"[('good', -0.195), ('very good', -0.176), ('great', -0.168), ('great movie', -0.165), ('excellent', -0.155), ('good acting', -0.154), ('interesting', -0.136), ('great acting', -0.135), ('oscar winner', -0.135), ('great ending', -0.135)]","['less than 300 ratings', 'music', 'musicians', 'rock and roll', 'stephen hawking']"
40,Mystery,4.831,"{'Mystery': 4.830900493421052, 'Musical': 2.7584621404813143, 'Thriller': 1.862827571019599, 'Drama': 1.14634067015213}",-1.0,"[('good', -0.132), ('awesome', -0.125), ('great movie', -0.124), ('excellent', -0.124), ('great', -0.123), ('saturn award (best science fiction film)', -0.122), ('very good', -0.119), ('quotable', -0.115), ('original plot', -0.114), ('brilliant', -0.113)]","['stupid', 'bd-r', 'revenge', 'bad sequel', 'sequel']"
41,War,3.571,"{'War': 3.5705964290236794, 'Sci-Fi': 1.9981929311719373, 'Musical': 1.9777653082696216, 'Animation': 1.9631692543340526}",-1.7,"[('secrets', 0.039), ('chase', 0.037), ('assassination', 0.036), ('nudity (topless)', -0.036), ('atmospheric', 0.035), ('finnish', -0.035), ('good acting', 0.035), ('culture clash', 0.034), ('black and white', 0.034), ('very good', 0.034)]","['animation', 'movie business', 'bgab lrc', 'jan harlan', 'documentary']"
42,Animation,5.655,"{'Animation': 5.654781004331782, 'Fantasy': 2.2290118577075098, 'Adventure': 1.770334327421127, 'Action': 1.5278620659759852}",5.2,"[('good', -0.123), ('great', -0.107), ('great movie', -0.107), ('very good', -0.101), ('good acting', -0.094), ('story', -0.093), ('oscar winner', -0.093), ('excellent', -0.09), ('original plot', -0.09), ('great ending', -0.09)]","['classical music', 'bruno bozzetto', 'legenda pt-br', 'revenge', 'samurai']"
43,Western,4.45,"{'Western': 4.450284090909091, 'Fantasy': 2.3303305785123967, 'Adventure': 1.8508040695766328, 'Sci-Fi': 1.8051856594110116}",1.5,"[('good', 0.239), ('great', 0.226), ('great movie', 0.225), ('very good', 0.217), ('excellent', 0.206), ('good acting', 0.195), ('original plot', 0.193), ('oscar winner', 0.187), ('great ending', 0.187), ('awesome', 0.183)]","['nudity (topless)', 'mark ruffalo', 'wrestling', 'bennett miller', 'academy award nominee']"
44,War,4.301,"{'War': 4.300945698596705, 'Horror': 1.9287912989944593, 'Romance': 1.4691446792547205, 'Adventure': 1.3881030521824744}",-0.9,"[('great', 0.055), ('great movie', 0.051), ('good', 0.05), ('dialogue', 0.047), ('documentary', -0.047), ('great ending', 0.045), ('oscar winner', 0.045), ('excellent', 0.043), ('very good', 0.042), ('underrated', 0.041)]","['less than 300 ratings', 'serial killer', 'netflix', 'middle east', 'prostitution']"
45,Animation,2.89,"{'Animation': 2.890221402214022, 'War': 2.628355704697986, 'Horror': 1.768058690744921, 'Drama': 1.6940367681137032}",-1.6,"[('product placement', -0.05), ('better than expected', -0.048), ('pg-13', -0.048), ('plot', -0.047), ('best of 2005', -0.046), ('disappointing', -0.042), ('watch the credits', -0.042), ('dark hero', -0.041), ('unlikeable characters', -0.038), ('graphic novel', -0.036)]","['calista flockhart', 'cameron diaz', 'glenn close', 'holly hunter', 'kathy baker']"
46,Sci-Fi,1.727,"{'Sci-Fi': 1.7266993263931416, 'Adventure': 1.3277507455658453, 'Drama': 1.3257679054802896, 'Thriller': 1.2823812988903036}",3.9,"[('good', 0.199), ('very good', 0.186), ('great movie', 0.174), ('great', 0.171), ('excellent', 0.17), ('good acting', 0.153), ('oscar winner', 0.153), ('great ending', 0.149), ('original plot', 0.145), ('interesting', 0.138)]","['nudity (full frontal - notable)', 'nudity (topless)', 'criterion', 'bisexual', 'directorial debut']"
47,Documentary,4.919,"{'Documentary': 4.919397048047734, 'Comedy': 1.9753672547772758, 'Sci-Fi': 1.2915149433184474, 'Horror': 1.0349611848262952}",-0.4,"[('great', -0.129), ('great movie', -0.128), ('saturn award (best science fiction film)', -0.121), ('oscar winner', -0.12), ('good', -0.115), ('saturn award (best special effects)', -0.115), ('quotable', -0.11), ('awesome', -0.109), ('very good', -0.108), ('brilliant', -0.108)]","['betamax', 'less than 300 ratings', 'depressing', 'stylized', 'frank miller']"
48,Western,4.554,"{'Western': 4.553779069767442, 'Crime': 2.1017441860465116, 'Horror': 1.9736469105989816, 'Mystery': 1.7076671511627906}",-4.4,"[('good', -0.108), ('great', -0.099), ('very good', -0.098), ('great movie', -0.097), ('original plot', -0.093), ('excellent', -0.089), ('oscar winner', -0.089), ('good acting', -0.087), ('quotable', -0.087), ('great ending', -0.085)]","['atmospheric', 'reflective', 'criterion', 'shakespeare', 'adapted from:play']"
49,IMAX,6.936,"{'IMAX': 6.935678268355676, 'Documentary': 2.5748333485526436, 'Musical': 2.2302459859210626, 'Fantasy': 2.181586073500967}",6.4,"[('good', -0.192), ('very good', -0.189), ('great movie', -0.187), ('great', -0.178), ('excellent', -0.172), ('good acting', -0.157), ('oscar winner', -0.155), ('interesting', -0.151), ('great ending', -0.15), ('great acting', -0.148)]","['video game adaptation', 'black and white', 'the melancholy of resistance', 'giant stuffed whale', 'magnetic powers']"
50,Crime,2.317,"{'Crime': 2.317307692307692, 'Mystery': 1.8828125, 'Horror': 1.632054176072235, 'Drama': 1.2286420515989496}",2.1,"[('good', -0.178), ('very good', -0.163), ('great movie', -0.16), ('great', -0.16), ('excellent', -0.149), ('great ending', -0.146), ('good acting', -0.14), ('oscar winner', -0.138), ('clever', -0.132), ('great acting', -0.131)]","['social commentary', 'oppl', 'based on a book', 'brazil', 'fantastic foreign films']"
51,Fantasy,1.753,"{'Fantasy': 1.7527272727272727, 'Horror': 1.632054176072235, 'Action': 1.4416749750747757, 'Comedy': 1.4376933274414494}",-5.0,"[('good', -0.236), ('great movie', -0.211), ('great', -0.208), ('very good', -0.206), ('excellent', -0.198), ('good acting', -0.179), ('oscar winner', -0.167), ('great acting', -0.165), ('great ending', -0.163), ('underrated', -0.161)]","['college', 'based on a book', 'gritty', 'matthew broderick', 'predictable']"
52,War,2.253,"{'War': 2.2528763183125595, 'Romance': 1.8469247396345057, 'Comedy': 1.4833343854554635, 'Adventure': 1.4542031975244971}",7.8,"[('very good', -0.117), ('good', -0.111), ('cool', -0.1), ('awesome', -0.099), ('original plot', -0.097), ('good acting', -0.096), ('entertaining', -0.094), ('great movie', -0.094), ('exciting', -0.094), ('excellent', -0.093)]","['based on a book', 'comedy', 'bittersweet', 'england', 'biography']"
53,Musical,4.032,"{'Musical': 4.0315985130111525, 'Fantasy': 2.6290909090909094, 'Children': 2.0716332378223496, 'Adventure': 1.5660649819494585}",-2.0,"[('good', 0.111), ('very good', 0.099), ('great movie', 0.09), ('great', 0.086), ('original plot', 0.082), ('clever', 0.082), ('interesting', 0.08), ('good acting', 0.079), ('excellent', 0.078), ('great ending', 0.076)]","['bd-r', 'less than 300 ratings', 'biography', 'musicians', 'based on a book']"
54,Documentary,2.305,"{'Documentary': 2.3050889025137953, 'Sci-Fi': 1.512917505030181, 'Comedy': 1.4240010100372449, 'Drama': 1.369058286067401}",4.8,"[('good', -0.183), ('very good', -0.173), ('great', -0.168), ('great movie', -0.162), ('excellent', -0.159), ('good acting', -0.145), ('interesting', -0.138), ('great acting', -0.135), ('great ending', -0.133), ('oscar winner', -0.131)]","['funny', 'less than 300 ratings', 'aliens', 'sf', 'made for tv']"
55,Documentary,3.103,"{'Documentary': 3.103004291845494, 'Romance': 1.9889958734525448, 'Comedy': 1.4376933274414494, 'Drama': 1.2286420515989496}",3.6,"[('good', -0.098), ('very good', -0.097), ('pg-13', -0.094), ('plot', -0.09), ('better than expected', -0.088), ('interesting', -0.087), ('good acting', -0.086), ('excellent', -0.08), ('storytelling', -0.079), ('clever', -0.076)]","['documentary', 'bd-r', 'lame', 'shallow characters', 'horrible ending']"
56,Western,7.531,"{'Western': 7.53125, 'Sci-Fi': 2.0366197183098596, 'Romance': 1.6574965612104537, 'Adventure': 1.5660649819494585}",-7.6,"[('good', -0.135), ('great movie', -0.122), ('great', -0.117), ('very good', -0.117), ('excellent', -0.109), ('original plot', -0.105), ('great ending', -0.102), ('oscar winner', -0.102), ('cool', -0.1), ('entertaining', -0.099)]","['bd-r', 'romance', 'funny', 'dvd-ram', 'clv']"
57,Crime,2.711,"{'Crime': 2.71125, 'Documentary': 2.016952789699571, 'Thriller': 1.7696861924686191, 'Drama': 1.5246330913023327}",6.8,"[('good', 0.17), ('very good', 0.155), ('great movie', 0.148), ('great', 0.147), ('entertaining', 0.137), ('great ending', 0.135), ('excellent', 0.133), ('clever', 0.133), ('interesting', 0.132), ('original plot', 0.131)]","['less than 300 ratings', 'musicians', 'rock and roll', 'funny', 'library']"
58,Film-Noir,8.269,"{'Film-Noir': 8.268914956011729, 'Mystery': 1.6688565340909092, 'Thriller': 1.6088056295169264, 'Action': 1.5973103417021663}",-5.6,"[('great', 0.071), ('good', 0.069), ('great movie', 0.068), ('excellent', 0.066), ('secrets', 0.062), ('very good', 0.062), ('story', 0.059), ('good acting', 0.058), ('oscar (best actress)', 0.058), ('classic', 0.057)]","['less than 300 ratings', 'betamax', 'errol flynn', 'pirates', 'rousing']"
59,Animation,2.42,"{'Animation': 2.419720243714065, 'War': 2.200483845793663, 'Fantasy': 1.5896828752642707, 'Crime': 1.261046511627907}",-4.0,"[('good', 0.169), ('excellent', 0.151), ('very good', 0.15), ('great movie', 0.143), ('good acting', 0.141), ('great', 0.141), ('great ending', 0.129), ('interesting', 0.128), ('oscar winner', 0.124), ('original plot', 0.123)]","['based on a book', 'adapted from:book', 'dark humor', 'less than 300 ratings', 'stylized']"
60,Film-Noir,9.575,"{'Film-Noir': 9.57453310696095, 'Children': 4.252299803951138, 'Documentary': 4.246216399367517, 'Animation': 4.107156729462031}",-8.0,"[('good', 0.113), ('very good', 0.106), ('good acting', 0.096), ('interesting', 0.092), ('great movie', 0.092), ('great', 0.09), ('excellent', 0.087), ('clever', 0.084), ('great acting', 0.084), ('great ending', 0.081)]","['stand-up comedy', 'william wyler', 'fun', 'musical', 'not a movie']"
61,Children,2.635,"{'Children': 2.634577052447988, 'Animation': 2.2619124017327126, 'Adventure': 2.212917909276409, 'Action': 1.5278620659759852}",2.8,"[('good', 0.252), ('very good', 0.234), ('great movie', 0.229), ('great', 0.223), ('excellent', 0.215), ('oscar winner', 0.198), ('good acting', 0.194), ('awesome', 0.186), ('great ending', 0.183), ('quotable', 0.174)]","['less than 300 ratings', 'action', 'terminal illness', 'netflix', 'adapted from:play']"
62,Animation,2.214,"{'Animation': 2.2137866059511655, 'Fantasy': 2.181586073500967, 'Children': 1.7190148143632262, 'Romance': 1.375369486961866}",11.7,"[('good', -0.104), ('pg-13', -0.092), ('better than expected', -0.088), ('very good', -0.085), ('plot', -0.084), ('good acting', -0.073), ('interesting', -0.072), ('great movie', -0.072), ('great ending', -0.071), ('story', -0.07)]","['fusion 3-d', 'stereoscopic 3-d', 'nudity (topless)', 'funny', 'nostalgia critic']"
63,Musical,2.184,"{'Musical': 2.1837825278810405, 'Animation': 2.1676660516605164, 'Fantasy': 2.1361363636363637, 'Sci-Fi': 1.6547535211267608}",-0.9,"[('good', 0.25), ('very good', 0.222), ('great movie', 0.217), ('great', 0.209), ('excellent', 0.204), ('good acting', 0.189), ('original plot', 0.185), ('great ending', 0.181), ('oscar winner', 0.179), ('awesome', 0.171)]","['disney', 'animation', 'new orleans', 'voodoo', '2d animation']"
64,Musical,2.557,"{'Musical': 2.556623447275365, 'Animation': 2.5377553775537756, 'Children': 1.9705779579285765, 'Comedy': 1.5195132729055967}",0.8,"[('good', 0.094), ('great', 0.078), ('great movie', 0.074), ('very good', 0.074), ('excellent', 0.064), ('clever', 0.061), ('great ending', 0.059), ('finnish', -0.058), ('entertaining', 0.056), ('interesting', 0.056)]","['bd-r', 'nudity (topless)', 'nudity (topless - brief)', 'classic horror brought to life', 'r']"
65,Children,1.795,"{'Children': 1.7954154727793699, 'Sci-Fi': 1.7650704225352114, 'Action': 1.5618145563310069, 'Fantasy': 1.5190303030303032}",3.1,"[('good', 0.229), ('very good', 0.205), ('great movie', 0.198), ('great', 0.194), ('excellent', 0.188), ('oscar winner', 0.176), ('great ending', 0.174), ('original plot', 0.173), ('awesome', 0.171), ('good acting', 0.168)]","['based on a book', 'gary oldman', 'must see!', ""tumey's dvds"", 'brit marling']"
66,Documentary,2.18,"{'Documentary': 2.1804895023779145, 'Horror': 1.7202733207247882, 'Drama': 1.1773228504265119, 'Adventure': 1.100478095423944}",-3.4,"[('oscar (best effects - visual effects)', -0.057), ('awesome', -0.056), ('saturn award (best science fiction film)', -0.055), ('great movie', -0.054), ('saturn award (best special effects)', -0.052), ('great', -0.05), ('great soundtrack', -0.047), ('cool', -0.045), ('highly quotable', -0.044), ('awesome soundtrack', -0.044)]","['catherine zeta-jones', 'remake', 'aaron eckhart', 'abigail breslin', 'cooking']"
67,Animation,2.812,"{'Animation': 2.812107310262292, 'Children': 2.183613412839774, 'Mystery': 1.9845861486486487, 'Horror': 1.7202733207247882}",-0.8,"[('good', 0.239), ('very good', 0.214), ('great movie', 0.211), ('great', 0.205), ('excellent', 0.192), ('oscar winner', 0.182), ('good acting', 0.178), ('original plot', 0.177), ('awesome', 0.169), ('clever', 0.166)]","['nudity (topless)', 'campy', 'buster keaton', 'dvd-r', 'not available from netflix']"
68,Action,2.057,"{'Action': 2.057024049801814, 'Documentary': 1.9677588192190936, 'Comedy': 1.5195132729055967, 'Adventure': 1.4896715681958264}",5.2,"[('good', -0.204), ('very good', -0.195), ('great', -0.191), ('great movie', -0.188), ('excellent', -0.178), ('good acting', -0.169), ('great ending', -0.161), ('great acting', -0.159), ('clever', -0.153), ('oscar winner', -0.153)]","['clv', 'less than 300 ratings', 'propaganda', 'creationism', 'bad science']"
69,Sci-Fi,2.09,"{'Sci-Fi': 2.0902149740548555, 'Mystery': 1.932360197368421, 'Romance': 1.360891913414899, 'Drama': 1.14634067015213}",-2.9,"[('good', -0.174), ('very good', -0.161), ('great movie', -0.149), ('great', -0.147), ('good acting', -0.139), ('excellent', -0.138), ('clever', -0.134), ('interesting', -0.132), ('great ending', -0.126), ('great acting', -0.121)]","['bd-r', 'betamax', 'tv series', 'not a movie', 'dystopia']"
70,Animation,2.538,"{'Animation': 2.5377553775537756, 'War': 2.3078245211982322, 'Sci-Fi': 1.937272414977671, 'Action': 1.7141867081681785}",-5.3,"[('good', -0.205), ('great movie', -0.187), ('very good', -0.185), ('great', -0.184), ('excellent', -0.181), ('oscar winner', -0.171), ('good acting', -0.17), ('original plot', -0.155), ('clever', -0.152), ('great ending', -0.15)]","['bd-r', 'criterion', 'less than 300 ratings', 'based on a book', 'nudity (topless)']"
71,Western,4.45,"{'Western': 4.450284090909091, 'Animation': 2.3647266018114728, 'Fantasy': 2.3303305785123967, 'Sci-Fi': 1.8051856594110116}",2.8,"[('disappointing', -0.056), ('plot', -0.05), ('better than expected', -0.05), ('best of 2005', -0.047), ('catastrophe', -0.043), ('pg-13', -0.041), ('conspiracy', -0.041), ('bad ending', -0.039), ('bullshit history', -0.039), ('steampunk', -0.039)]","['cult film', 'cynical', 'dark comedy', 'black comedy', 'absurd']"
72,Romance,1.847,"{'Romance': 1.8469247396345057, 'Mystery': 1.498565051020408, 'Crime': 1.4755102040816326, 'Fantasy': 1.3950278293135434}",4.0,"[('great movie', 0.072), ('good', 0.071), ('great', 0.066), ('very good', 0.065), ('excellent', 0.063), ('good acting', 0.061), ('great acting', 0.06), ('great ending', 0.058), ('oscar winner', 0.057), ('finnish', -0.053)]","['social commentary', 'gay', 'asghar farhadi', 'ali mosaffa', 'french']"
73,War,3.735,"{'War': 3.735031790886612, 'Documentary': 3.184662299525638, 'Crime': 1.4269736842105263, 'Drama': 1.14634067015213}",-1.8,"[('good', 0.187), ('very good', 0.153), ('great', 0.147), ('great movie', 0.147), ('pg-13', 0.143), ('oscar winner', 0.142), ('good acting', 0.142), ('excellent', 0.138), ('great ending', 0.135), ('plot', 0.132)]","['betamax', 'jus+san', 'bd-r', 'pro military', 'action']"
74,Children,4.04,"{'Children': 4.039684813753582, 'Documentary': 2.016952789699571, 'Adventure': 1.526913357400722, 'Comedy': 1.4017509942554132}",1.7,"[('good', 0.187), ('great', 0.178), ('great movie', 0.177), ('very good', 0.169), ('excellent', 0.159), ('good acting', 0.143), ('entertaining', 0.138), ('great ending', 0.138), ('cool', 0.135), ('original plot', 0.135)]","['70mm', 'dvd-video', 'gee-bus. this was an awful film. then again', 'the first one was terrible', 'too']"
75,Horror,2.122,"{'Horror': 2.1216704288939052, 'Thriller': 1.4747384937238492, 'Action': 1.4056331006979064, 'Crime': 1.355625}",-7.6,"[('enormously long battle scene', -0.039), ('saturn award (best special effects)', -0.035), ('waste of time', -0.035), ('cgi', -0.034), ('geek', -0.034), ('crude humor', -0.034), ('artificial intelligence', -0.034), ('unfunny', -0.033), ('big budget', -0.033), ('better than expected', -0.033)]","['bd-r', 'less than 300 ratings', 'based on a book', 'india', 'politics']"
76,Horror,2.587,"{'Horror': 2.587402962065738, 'Fantasy': 2.500842572062084, 'War': 2.3078245211982322, 'Children': 1.9705779579285765}",2.4,"[('action packed', -0.047), ('good action', -0.043), ('action', -0.041), ('based on a play', 0.04), ('affectionate', 0.04), ('crime gone awry', 0.039), ('bullshit history', -0.039), ('big budget', -0.039), ('oscar (best supporting actress)', 0.038), ('afi 100 (laughs)', 0.037)]","['comedy', 'holly goldberg sloan', 'soccer', 'vampires', 'dreamlike']"
77,Musical,4.557,"{'Musical': 4.557459188621302, 'Crime': 2.357608695652174, 'Comedy': 1.2189139080481852, 'Sci-Fi': 1.1511328842620943}",3.3,"[('good', 0.23), ('great movie', 0.222), ('great', 0.221), ('very good', 0.22), ('excellent', 0.202), ('good acting', 0.189), ('original plot', 0.186), ('oscar winner', 0.184), ('awesome', 0.182), ('interesting', 0.18)]","['bob dylan', '1960s', 'cinéma vérité', 'd.a. pennebaker', 'musicians']"
78,Mystery,2.997,"{'Mystery': 2.997130102040816, 'Romance': 1.5830783482581476, 'Fantasy': 1.3950278293135434, 'Comedy': 1.2714294732475402}",0.7,"[('good', 0.309), ('great movie', 0.293), ('very good', 0.29), ('great', 0.28), ('excellent', 0.271), ('oscar winner', 0.256), ('good acting', 0.243), ('awesome', 0.237), ('original plot', 0.232), ('quotable', 0.226)]","['nudity (topless)', 'reflective', 'sensual', 'melancholy', 'high school']"
79,Horror,1.697,"{'Horror': 1.6973363431151243, 'Thriller': 1.6517071129707113, 'Sci-Fi': 1.58856338028169, 'Crime': 1.4460000000000002}",6.3,"[('good', -0.199), ('great', -0.183), ('very good', -0.182), ('great movie', -0.166), ('excellent', -0.157), ('good acting', -0.153), ('great acting', -0.145), ('clever', -0.143), ('oscar winner', -0.139), ('entertaining', -0.134)]","['less than 300 ratings', 'politics', 'recovery', 'addiction', 'chemical dependency']"
80,Animation,3.807,"{'Animation': 3.806633066330663, 'Adventure': 1.9862287575944353, 'Sci-Fi': 1.937272414977671, 'Mystery': 1.790967987804878}",-2.8,"[('saturn award (best science fiction film)', -0.038), ('brilliant', -0.038), ('scifi cult', -0.035), ('saturn award (best special effects)', -0.03), ('oscar (best sound)', -0.029), ('spielberg', -0.029), ('original plot', -0.029), ('time', -0.028), ('absurd', -0.028), ('colourful', -0.027)]","['based on a book', 'scary movies to see on halloween', 'clv', 'bd-r', 'recap']"
81,Children,3.941,"{'Children': 3.941155915857153, 'Animation': 3.806633066330663, 'Documentary': 1.9677588192190936, 'Fantasy': 1.6672283813747228}",-3.2,"[('saturn award (best science fiction film)', -0.114), ('awesome', -0.112), ('great movie', -0.112), ('original plot', -0.108), ('good', -0.108), ('very good', -0.104), ('oscar winner', -0.103), ('great', -0.102), ('quotable', -0.098), ('saturn award (best special effects)', -0.096)]","['less than 300 ratings', 'netflix', 'criterion', 'adapted from:book', 'nudity (topless)']"
82,IMAX,7.244,"{'IMAX': 7.243930635838151, 'Documentary': 2.6892703862660947, 'Sci-Fi': 2.3534272300469485, 'Animation': 2.3121771217712177}",7.3,"[('good', 0.146), ('very good', 0.137), ('great movie', 0.12), ('good acting', 0.119), ('interesting', 0.118), ('great', 0.116), ('excellent', 0.111), ('entertaining', 0.109), ('great ending', 0.107), ('great acting', 0.107)]","['made for tv', 'less than 300 ratings', 'sports', 'aliens', 'sci-fi']"
83,War,3.943,"{'War': 3.9425335570469793, 'Documentary': 3.361587982832618, 'Animation': 2.890221402214022, 'Fantasy': 2.848181818181818}",-5.1,"[('good', -0.159), ('great movie', -0.138), ('very good', -0.137), ('great', -0.133), ('excellent', -0.126), ('oscar winner', -0.118), ('great ending', -0.115), ('good acting', -0.115), ('interesting', -0.115), ('original plot', -0.114)]","['nudity (topless)', 'bd-r', 'caterina scorsone', 'based on a book', 'creative adaptation']"
84,Horror,2.526,"{'Horror': 2.5257981296356014, 'Musical': 2.495751460435475, 'Adventure': 1.9389375966993294, 'Children': 1.9236594351207532}",-8.4,"[('good', 0.331), ('great movie', 0.314), ('very good', 0.303), ('great', 0.301), ('excellent', 0.284), ('oscar winner', 0.273), ('original plot', 0.269), ('awesome', 0.267), ('good acting', 0.26), ('great ending', 0.25)]","['comedy', 'slasher', 'sci-fi', 'space', 'in netflix queue']"
85,Fantasy,1.709,"{'Fantasy': 1.708909090909091, 'Romance': 1.6160591471801926, 'Drama': 1.3068283639734282, 'Comedy': 1.0902507733097657}",-2.7,"[('good', -0.14), ('great movie', -0.131), ('oscar winner', -0.124), ('saturn award (best science fiction film)', -0.124), ('excellent', -0.12), ('great', -0.118), ('very good', -0.115), ('awesome', -0.115), ('clever', -0.115), ('original plot', -0.114)]","['atmospheric', 'creepy', 'eerie', 'menacing', 'vampires']"
86,War,2.103,"{'War': 2.1026845637583893, 'Fantasy': 1.5190303030303032, 'Adventure': 1.3572563176895307, 'Drama': 1.3552294144909625}",-3.7,"[('good', 0.325), ('great movie', 0.3), ('very good', 0.292), ('great', 0.286), ('excellent', 0.285), ('oscar winner', 0.26), ('good acting', 0.255), ('awesome', 0.254), ('original plot', 0.243), ('great ending', 0.243)]","['atmospheric', 'world war ii', 'less than 300 ratings', 'criterion', 'adapted from:book']"
87,Animation,2.262,"{'Animation': 2.2619124017327126, 'Fantasy': 2.2290118577075098, 'War': 2.0569740297636416, 'Romance': 1.96737635308893}",7.9,"[('great movie', -0.176), ('good', -0.176), ('very good', -0.169), ('great', -0.166), ('oscar winner', -0.165), ('excellent', -0.161), ('good acting', -0.145), ('original plot', -0.145), ('awesome', -0.139), ('brilliant', -0.134)]","['true story', 'romance', 'nudity (topless)', 'cinematography', 'bfi modern classic']"
88,Musical,2.279,"{'Musical': 2.278729594310651, 'Fantasy': 2.2290118577075098, 'Documentary': 1.753871991043105, 'Romance': 1.68632258836194}",14.6,"[('good', -0.194), ('very good', -0.187), ('great', -0.157), ('excellent', -0.157), ('great movie', -0.156), ('good acting', -0.156), ('interesting', -0.146), ('great ending', -0.143), ('great acting', -0.141), ('clever', -0.138)]","['boring', 'adapted from:book', 'nudity (topless)', 'losing control', 'personal demons']"
89,Documentary,2.305,"{'Documentary': 2.3050889025137953, 'Romance': 2.216309687561407, 'Drama': 1.7424378186312377, 'Comedy': 1.2460008837825896}",2.0,"[('saturn award (best special effects)', -0.046), ('drinking', 0.038), ('surfing', -0.038), ('silly fun', -0.037), ('kids', -0.036), ('aging', 0.036), ('scifi cult', -0.036), ('workplace', 0.036), ('wistful', 0.036), ('relationships', 0.035)]","['adultery', 'less than 300 ratings', 'adapted from:book', '70mm', 'based on a book']"
90,War,2.703,"{'War': 2.7034515819750715, 'Children': 2.308391322144904, 'Thriller': 1.6854154213986847, 'Action': 1.204828372026777}",-0.5,"[('good', 0.083), ('great', 0.079), ('great movie', 0.077), ('very good', 0.072), ('excellent', 0.065), ('interesting', 0.061), ('great acting', 0.059), ('original plot', 0.058), ('fun movie', 0.056), ('good acting', 0.054)]","['betamax', 'bd-r', 'clint eastwood', 'less than 300 ratings', 'don siegel']"
91,IMAX,8.81,"{'IMAX': 8.810185908451805, 'Romance': 1.7470909699245325, 'Comedy': 1.3470279824676643, 'Drama': 1.295055135469163}",-3.5,"[('saturn award (best special effects)', -0.09), ('saturn award (best science fiction film)', -0.088), ('oscar (best sound)', -0.075), ('adventure', -0.073), ('oscar (best effects - visual effects)', -0.07), ('great movie', -0.069), ('exciting', -0.069), ('quotable', -0.069), ('fantasy', -0.065), ('great', -0.064)]","['betamax', 'dvd-video', 'oscar (best actor)', 'oscar (best supporting actress)', 'alcohol']"
92,Documentary,2.123,"{'Documentary': 2.1231081996837586, 'Fantasy': 1.7988516746411483, 'Romance': 1.7011148917686236, 'Comedy': 1.3115798776658836}",4.7,"[('good', -0.158), ('very good', -0.148), ('great movie', -0.148), ('great', -0.14), ('excellent', -0.131), ('oscar winner', -0.125), ('good acting', -0.124), ('original plot', -0.122), ('great ending', -0.12), ('clever', -0.118)]","['business', 'dvd-video', 'nudity (topless)', 'teen movie', 'kal penn']"
93,Fantasy,2.563,"{'Fantasy': 2.5633636363636363, 'Romance': 1.6160591471801926, 'Crime': 1.355625, 'Sci-Fi': 1.3238028169014087}",3.7,"[('saturn award (best special effects)', -0.075), ('saturn award (best science fiction film)', -0.069), ('oscar (best sound)', -0.061), ('oscar (best effects - visual effects)', -0.056), ('spielberg', -0.051), ('oscar (best editing)', -0.046), ('awesome', -0.045), ('scifi cult', -0.044), ('enormously long battle scene', -0.044), ('exciting', -0.044)]","['betamax', 'clv', 'surreal', 'based on a book', 'adapted from:book']"
94,IMAX,6.791,"{'IMAX': 6.791184971098265, 'War': 1.9712667785234896, 'Action': 1.7570413758723828, 'Sci-Fi': 1.6547535211267608}",4.2,"[('good', -0.155), ('very good', -0.137), ('great', -0.137), ('great movie', -0.137), ('excellent', -0.119), ('great acting', -0.113), ('good acting', -0.112), ('dialogue', -0.11), ('entertaining', -0.109), ('oscar winner', -0.107)]","['nudity (topless)', 'based on a book', 'comedy', 'less than 300 ratings', 'easily confused with other movie(s) (title)']"
95,Horror,2.053,"{'Horror': 2.0532294473166823, 'Drama': 1.40519178921874, 'Adventure': 1.3134738558285781, 'Comedy': 1.2058073068863768}",4.6,"[('saturn award (best special effects)', -0.049), ('saturn award (best science fiction film)', -0.047), ('oscar (best sound)', -0.044), ('spielberg', -0.037), ('oscar (best effects - visual effects)', -0.033), ('future', -0.032), ('travel', -0.029), ('oscar (best editing)', -0.029), ('man versus machine', -0.028), ('star wars', -0.028)]","['easily confused with other movie(s) (title)', 'true story', 'oh my goood!', 'anti-vegetarian propaganda', 'campy']"
96,Western,4.776,"{'Western': 4.775914634146342, 'Children': 1.9705779579285765, 'Crime': 1.7634146341463417, 'Sci-Fi': 1.2915149433184474}",-6.7,"[('saturn award (best special effects)', -0.051), ('saturn award (best science fiction film)', -0.044), ('oscar (best sound)', -0.038), ('tokyo', -0.038), ('con artists', 0.037), ('lawyer', 0.036), ('con men', 0.036), ('lawyers', 0.035), ('puppets', -0.034), ('series', -0.034)]","['atmospheric', 'slow', 'jean gabin', 'downbeat', 'elegiac']"
97,Children,2.126,"{'Children': 2.126149901975569, 'Horror': 1.6750029701793987, 'Adventure': 1.6072772183165493, 'Crime': 1.4269736842105263}",8.4,"[('good', -0.173), ('great', -0.166), ('great movie', -0.166), ('excellent', -0.157), ('very good', -0.154), ('good acting', -0.144), ('great ending', -0.138), ('great acting', -0.131), ('original plot', -0.129), ('oscar winner', -0.129)]","['horror', 'high school', 'jennifer garner', 'jessica biel', 'anne hathaway']"
98,IMAX,6.653,"{'IMAX': 6.652589359443199, 'Mystery': 2.2478475765306123, 'Action': 1.7211833886096812, 'Romance': 1.5830783482581476}",7.5,"[('good', -0.2), ('great movie', -0.182), ('great', -0.178), ('very good', -0.174), ('excellent', -0.168), ('good acting', -0.156), ('oscar winner', -0.151), ('great acting', -0.143), ('great ending', -0.14), ('interesting', -0.136)]","['crude humor', 'julianne moore', 'david duchovny', 'dystopia', 'plot holes']"
99,Horror,2.257,"{'Horror': 2.257096200950963, 'Sci-Fi': 2.2532813904704825, 'Romance': 1.9255172817466122, 'Documentary': 1.7165555657017624}",4.6,"[('good', -0.122), ('very good', -0.12), ('good acting', -0.111), ('original plot', -0.102), ('excellent', -0.101), ('pg-13', -0.099), ('great movie', -0.098), ('interesting', -0.098), ('great', -0.093), ('better than expected', -0.092)]","['betamax', 'predictable', 'nudity (topless - notable)', 'nudity (topless)', 'adultery']"
100,Fantasy,2.563,"{'Fantasy': 2.5633636363636363, 'Documentary': 2.016952789699571, 'Mystery': 1.8357421875000002, 'Adventure': 1.526913357400722}",4.4,"[('saturn award (best science fiction film)', -0.086), ('oscar (best sound)', -0.081), ('oscar (best effects - visual effects)', -0.08), ('saturn award (best special effects)', -0.079), ('great', -0.074), ('quotable', -0.072), ('great movie', -0.071), ('brilliant', -0.07), ('awesome', -0.069), ('excellent', -0.068)]","['less than 300 ratings', 'betamax', 'nazis', 'fred zinnemann', 'jane fonda']"
101,IMAX,5.927,"{'IMAX': 5.926852338413032, 'Children': 2.9379525918207867, 'Documentary': 2.2003121342177137, 'Musical': 1.9058465697870899}",9.0,"[('good', -0.104), ('very good', -0.09), ('excellent', -0.079), ('great', -0.079), ('great movie', -0.074), ('original plot', -0.074), ('good acting', -0.072), ('entertaining', -0.069), ('pg-13', -0.069), ('clever', -0.065)]","['vampires', 'john c reilly', 'salma hayek', 'josh hutcherson', 'execution']"
102,Horror,3.105,"{'Horror': 3.1048835544788855, 'Animation': 2.5377553775537756, 'Sci-Fi': 1.937272414977671, 'Crime': 1.322560975609756}",6.4,"[('good', -0.208), ('very good', -0.196), ('great movie', -0.19), ('great', -0.186), ('excellent', -0.185), ('oscar winner', -0.163), ('good acting', -0.163), ('interesting', -0.156), ('great ending', -0.153), ('great acting', -0.151)]","['nudity (topless)', 'flashbacks', 'abstract ending', 'cerebral', 'excellent cinematography']"
103,Animation,2.538,"{'Animation': 2.5377553775537756, 'Children': 1.9705779579285765, 'Mystery': 1.790967987804878, 'Fantasy': 1.6672283813747228}",3.8,"[('good', -0.113), ('very good', -0.105), ('great', -0.103), ('excellent', -0.098), ('great movie', -0.096), ('oscar winner', -0.095), ('awesome', -0.093), ('great ending', -0.087), ('clever', -0.086), ('good acting', -0.086)]","['less than 300 ratings', 'made for tv', 'bd-r', 'baseball', 'billy crystal']"
104,Fantasy,2.279,"{'Fantasy': 2.2785454545454544, 'Comedy': 1.5228899690676092, 'Horror': 1.414446952595937, 'Crime': 1.205}",-2.0,"[('good', -0.152), ('very good', -0.133), ('great movie', -0.13), ('great', -0.129), ('excellent', -0.126), ('great ending', -0.116), ('cool', -0.113), ('good acting', -0.11), ('entertaining', -0.106), ('awesome', -0.104)]","['nudity (topless)', 'aliens', 'mad scientist', 'based on a book', 'h.g. wells']"
105,Sci-Fi,3.394,"{'Sci-Fi': 3.3943661971830985, 'Children': 3.1074498567335245, 'Horror': 1.632054176072235, 'Comedy': 1.1182059213433495}",1.9,"[('visually appealing', -0.038), ('genocide', -0.037), ('circus', 0.036), ('shakespeare', 0.034), ('best of 2005', -0.033), ('mistaken identity', 0.033), ('propaganda', -0.032), ('disappointing', -0.031), ('slow paced', -0.03), ('based on a play', 0.03)]","['betamax', 'nudity (full frontal - notable)', 'less than 300 ratings', '7n up (series)', 'wikilens top pick']"
106,IMAX,8.358,"{'IMAX': 8.358381502890174, 'Musical': 2.687732342007435, 'Adventure': 2.088086642599278, 'Documentary': 2.0686695278969958}",3.2,"[('good', 0.046), ('great music', 0.044), ('good music', 0.044), ('great movie', 0.041), ('great', 0.04), ('stand-up comedy', -0.036), ('dance', 0.035), ('great ending', 0.035), ('excellent', 0.035), ('exceptional acting', 0.035)]","['campy', 'clv', 'based on a book', 'darren aronofsky', 'unlikeable characters']"
107,Horror,2.021,"{'Horror': 2.020638503708481, 'Mystery': 1.7483258928571428, 'Crime': 1.2910714285714286, 'Comedy': 1.1866675083643707}",-4.0,"[('good', 0.255), ('very good', 0.233), ('great movie', 0.219), ('great', 0.215), ('excellent', 0.208), ('original plot', 0.198), ('good acting', 0.195), ('great ending', 0.193), ('oscar winner', 0.193), ('entertaining', 0.187)]","['social commentary', 'based on a book', 'blindness', 'disability', 'san francisco']"
108,Animation,3.121,"{'Animation': 3.1214391143911437, 'Thriller': 1.8876652719665272, 'Documentary': 1.6135622317596567, 'Mystery': 1.46859375}",4.3,"[('good', 0.213), ('great movie', 0.195), ('very good', 0.193), ('great', 0.193), ('excellent', 0.178), ('oscar winner', 0.165), ('good acting', 0.159), ('great ending', 0.157), ('original plot', 0.156), ('entertaining', 0.15)]","['aliens', 'adventure', 'archaeology', 'made for tv', 'librarians']"
109,Musical,3.418,"{'Musical': 3.4180943914659765, 'Documentary': 2.630807986564658, 'Fantasy': 2.2290118577075098, 'Children': 1.756384701631992}",2.5,"[('great', -0.188), ('great movie', -0.187), ('good', -0.181), ('very good', -0.175), ('excellent', -0.165), ('quotable', -0.143), ('underrated', -0.139), ('original plot', -0.139), ('great ending', -0.137), ('awesome', -0.136)]","['betamax', 'dvd-r', 'criterion', 'nudity (topless)', 'pirates']"
110,IMAX,6.936,"{'IMAX': 6.935678268355676, 'Animation': 3.3206799089267482, 'Action': 1.7944252349334973, 'Children': 1.7190148143632262}",3.9,"[('good', -0.115), ('very good', -0.112), ('good acting', -0.105), ('great', -0.103), ('excellent', -0.098), ('great movie', -0.097), ('great acting', -0.092), ('interesting', -0.091), ('great ending', -0.087), ('clever', -0.083)]","['funny', 'jamie kennedy', 'comedy need to see', 'calista flockhart', 'cameron diaz']"
111,Comedy,2.526,"{'Comedy': 2.5256774671268705, 'Sci-Fi': 1.4311381804339554, 'Romance': 1.0482545819547195, 'Crime': 0.9770270270270272}",0.2,"[('good', 0.073), ('great', 0.072), ('great movie', 0.072), ('oscar winner', 0.071), ('very good', 0.068), ('quotable', 0.058), ('excellent', 0.058), ('oscar (best picture)', 0.054), ('oscar', 0.053), ('classic', 0.052)]","['funny', 'john waters', 'fetish', 'sex comedy', 'dvd-ram']"
112,Horror,2.829,"{'Horror': 2.828893905191874, 'Sci-Fi': 2.3534272300469485, 'Fantasy': 2.2785454545454544, 'Thriller': 1.5730543933054393}",-11.3,"[('good', -0.219), ('very good', -0.196), ('great movie', -0.195), ('great', -0.194), ('excellent', -0.17), ('good acting', -0.15), ('oscar winner', -0.15), ('clever', -0.148), ('entertaining', -0.146), ('underrated', -0.143)]","['less than 300 ratings', 'bd-r', 'tense', 'nudity (topless)', 'betamax']"
113,Horror,2.72,"{'Horror': 2.7200902934537243, 'Comedy': 1.4376933274414494, 'Crime': 1.3903846153846156, 'Sci-Fi': 1.3577464788732394}",-1.6,"[('very good', -0.081), ('good', -0.075), ('interesting', -0.071), ('good acting', -0.07), ('original plot', -0.068), ('clever', -0.067), ('great ending', -0.066), ('great movie', -0.066), ('cool', -0.066), ('awesome', -0.065)]","['bd-r', 'action', 'visually appealing', 'based on a true story', 'atmospheric']"
114,Documentary,3.103,"{'Documentary': 3.103004291845494, 'Sci-Fi': 2.0366197183098596, 'Fantasy': 1.7527272727272727, 'Drama': 1.2286420515989496}",4.0,"[('good', -0.093), ('great', -0.085), ('very good', -0.082), ('great movie', -0.081), ('entertaining', -0.077), ('cool', -0.071), ('excellent', -0.07), ('good acting', -0.068), ('clever', -0.068), ('chase', -0.067)]","['dystopia', 'sci-fi', 'documentary', 'author:l.m. montgomery', 'teacher']"
115,Musical,3.835,"{'Musical': 3.834935170913047, 'Children': 1.9705779579285765, 'Documentary': 1.9677588192190936, 'Mystery': 1.790967987804878}",1.7,"[('saturn award (best science fiction film)', -0.079), ('saturn award (best special effects)', -0.075), ('oscar (best effects - visual effects)', -0.069), ('oscar (best sound)', -0.066), ('afi 100 (movie quotes)', -0.052), ('time', -0.051), ('epic', -0.05), ('oscar (best editing)', -0.049), ('good versus evil', -0.049), ('exciting', -0.049)]","['hip hop', 'imdb bottom 100', 'bernie mac', 'sexual', 'brigitte bardot']"
116,Children,2.885,"{'Children': 2.8854891526811297, 'Documentary': 1.920907418761496, 'Fantasy': 1.6275324675324674, 'Romance': 1.5391039496954213}",2.8,"[('great', 0.087), ('good', 0.083), ('great movie', 0.081), ('very good', 0.077), ('excellent', 0.076), ('good acting', 0.069), ('great acting', 0.066), ('classic', 0.064), ('quotable', 0.06), ('witty', 0.057)]","['betamax', 'author:l.m. montgomery', 'teacher', 'writer', 'kevin sullivan']"
117,Sci-Fi,2.583,"{'Sci-Fi': 2.583029886636895, 'Animation': 2.5377553775537756, 'Crime': 1.7634146341463417, 'Fantasy': 1.6672283813747228}",11.4,"[('better than expected', -0.039), ('disappointing', -0.033), ('notable nudity', 0.031), ('justice', -0.031), ('not funny', -0.029), ('nudity (full frontal - notable)', 0.029), ('explosions', -0.029), ('lesbian', 0.028), ('pg-13', -0.028), ('camp', 0.028)]","['animation', 'police', 'dystopia', 'amazing animation', 'dystopic future']"
118,Documentary,3.433,"{'Documentary': 3.4331111314035248, 'Children': 1.7190148143632262, 'Fantasy': 1.4543907156673113, 'Adventure': 1.299500729702742}",0.8,"[('good', -0.18), ('great', -0.173), ('great movie', -0.168), ('very good', -0.167), ('excellent', -0.158), ('good acting', -0.145), ('great acting', -0.139), ('great ending', -0.133), ('oscar winner', -0.131), ('interesting', -0.129)]","['hulk hogan', 'nostalgia critic', 'horribly awesome', 'mother love', 'thanatos!']"
119,Sci-Fi,3.152,"{'Sci-Fi': 3.151911468812877, 'Crime': 1.7214285714285713, 'Fantasy': 1.6275324675324674, 'Horror': 1.5154788777813608}",-0.3,"[('interesting', -0.063), ('very good', -0.061), ('good acting', -0.06), ('excellent script', -0.059), ('brilliant', -0.057), ('oscar winner', -0.056), ('original plot', -0.055), ('awesome', -0.055), ('good', -0.055), ('clever', -0.054)]","['betamax', 'french', 'nudity (rear)', 'briliant', 'comedy']"
120,Children,2.754,"{'Children': 2.7543305548319874, 'Fantasy': 2.3303305785123967, 'Documentary': 1.8335934451814282, 'Action': 1.5973103417021663}",4.4,"[('good', 0.185), ('very good', 0.18), ('great movie', 0.171), ('great', 0.165), ('excellent', 0.163), ('good acting', 0.163), ('great ending', 0.158), ('oscar winner', 0.154), ('clever', 0.153), ('interesting', 0.153)]","['seen', 'bd-r', 'based on a book', 'atmospheric', 'stand-up comedy']"
121,Children,3.366,"{'Children': 3.366404011461318, 'Sci-Fi': 2.206338028169014, 'Adventure': 1.6965703971119133, 'Action': 1.1713609172482553}",5.0,"[('good', -0.157), ('very good', -0.142), ('great movie', -0.133), ('great', -0.132), ('good acting', -0.128), ('excellent', -0.126), ('great ending', -0.119), ('interesting', -0.117), ('great acting', -0.116), ('clever', -0.114)]","['music', 'great soundtrack', 'androgyny', 'great music', 'great use of music']"
122,Western,4.351,"{'Western': 4.351388888888889, 'Children': 2.6931232091690545, 'Documentary': 2.6892703862660947, 'Musical': 2.329368029739777}",-2.9,"[('good', -0.099), ('great movie', -0.098), ('great', -0.096), ('very good', -0.094), ('good acting', -0.087), ('excellent', -0.085), ('pg-13', -0.085), ('quotable', -0.084), ('entertaining', -0.082), ('oscar winner', -0.081)]","['nudity (topless)', 'bd-r', 'documentary', 'bob*ola', 'henry jaglom']"
123,Horror,3.858,"{'Horror': 3.8575825979889187, 'Documentary': 3.6671868903628564, 'Mystery': 2.2251420454545454, 'Thriller': 1.787561810574363}",-3.1,"[('good acting', 0.05), ('great movie', 0.05), ('great dialogue', 0.049), ('great', 0.048), ('very good', 0.048), ('oscar (best picture)', 0.047), ('oscar winner', 0.047), ('great acting', 0.045), ('underrated', 0.045), ('great ending', 0.045)]","['betamax', 'less than 300 ratings', 'disturbing', 'feudal japan', 'samurai']"
124,Children,2.754,"{'Children': 2.7543305548319874, 'Animation': 2.3647266018114728, 'Comedy': 1.6990921142489854, 'Mystery': 1.6688565340909092}",3.7,"[('good', 0.223), ('very good', 0.218), ('great', 0.215), ('great movie', 0.214), ('excellent', 0.197), ('good acting', 0.185), ('oscar winner', 0.18), ('quotable', 0.162), ('clever', 0.162), ('great acting', 0.162)]","['fantasy', 'betamax', 'bd-r', 'sad', 'teen relationships']"
125,Documentary,3.842,"{'Documentary': 3.841814837522992, 'Musical': 3.7436271906532124, 'Children': 2.8854891526811297, 'Comedy': 1.0383340698188244}",6.8,"[('saturn award (best science fiction film)', -0.078), ('brilliant', -0.07), ('saturn award (best special effects)', -0.068), ('great movie', -0.064), ('oscar winner', -0.062), ('oscar (best effects - visual effects)', -0.062), ('classic', -0.061), ('quotable', -0.06), ('imdb top 250', -0.059), ('original plot', -0.057)]","['intimate', 'nudity (topless)', 'musical', 'disgusting', 'scott elliott']"
126,Children,2.473,"{'Children': 2.4732764165838255, 'Mystery': 1.498565051020408, 'Comedy': 1.3985724205722943, 'Fantasy': 1.3950278293135434}",4.0,"[('good', 0.301), ('great movie', 0.274), ('very good', 0.27), ('great', 0.267), ('excellent', 0.259), ('oscar winner', 0.239), ('good acting', 0.239), ('awesome', 0.229), ('great ending', 0.227), ('original plot', 0.225)]","['dialogue', 'serial killer', 'samuel l. jackson', 'scarlett johansson', 'based on a comic']"
127,Animation,2.538,"{'Animation': 2.5377553775537756, 'Children': 1.9705779579285765, 'Documentary': 1.9677588192190936, 'Action': 1.7141867081681785}",7.6,"[('good', -0.116), ('very good', -0.116), ('good acting', -0.109), ('great movie', -0.106), ('great', -0.104), ('clever', -0.099), ('interesting', -0.098), ('great ending', -0.096), ('excellent', -0.096), ('great acting', -0.095)]","['time travel', 'music', 'less than 300 ratings', 'old tucson studios', 'elmore leonard']"
